,antecedants,consequents,antecedent support,consequent support,support,confidence,lift,leverage,conviction
0,Asian Vegetable Ramen,Organic Lemongrass Ginger Ramen,0.0982532751092,0.0558951965066,0.0288209606987,0.293333333333,5.24791666667,0.0233290745791,1.33599736343
1,Organic Lemongrass Ginger Ramen,Asian Vegetable Ramen,0.0558951965066,0.0982532751092,0.0288209606987,0.515625,5.24791666667,0.0233290745791,1.86167065784
2,Spinach Dal Indian Cuisine,Bombay Potatoes Vegetarian,0.0384279475983,0.0349344978166,0.0100436681223,0.261363636364,7.48153409091,0.0087012070708,1.30655021834
3,Bombay Potatoes Vegetarian,Spinach Dal Indian Cuisine,0.0349344978166,0.0384279475983,0.0100436681223,0.2875,7.48153409091,0.0087012070708,1.34957481039
4,Madras Lentils Indian Cuisine,Punjab Eggplant,0.0458515283843,0.0331877729258,0.0135371179039,0.295238095238,8.89598997494,0.0120154077916,1.37182816004
5,Punjab Eggplant,Madras Lentils Indian Cuisine,0.0331877729258,0.0458515283843,0.0135371179039,0.407894736842,8.89598997494,0.0120154077916,1.61145075206
6,"Mushroom Ramen, Asian Vegetable Ramen",Seaweed Ramen,0.0510917030568,0.061135371179,0.02096069869,0.410256410256,6.71062271062,0.0178371884594,1.59198784887
7,"Mushroom Ramen, Seaweed Ramen",Asian Vegetable Ramen,0.0331877729258,0.0982532751092,0.02096069869,0.631578947368,6.42807017544,0.0176998913064,2.44759825328
8,"Asian Vegetable Ramen, Seaweed Ramen",Mushroom Ramen,0.0366812227074,0.0864628820961,0.02096069869,0.571428571429,6.60894660895,0.0177891344559,2.13158660844
9,Mushroom Ramen,"Asian Vegetable Ramen, Seaweed Ramen",0.0864628820961,0.0366812227074,0.02096069869,0.242424242424,6.60894660895,0.0177891344559,1.27158078603
10,Asian Vegetable Ramen,"Mushroom Ramen, Seaweed Ramen",0.0982532751092,0.0331877729258,0.02096069869,0.213333333333,6.42807017544,0.0176998913064,1.22899859374
11,Seaweed Ramen,"Mushroom Ramen, Asian Vegetable Ramen",0.061135371179,0.0510917030568,0.02096069869,0.342857142857,6.71062271062,0.0178371884594,1.44399088665
12,Tikka Masala Simmer Sauce,Lemongrass Basil Simmer Sauce,0.0235807860262,0.017903930131,0.0100436681223,0.425925925926,23.7895212285,0.00962147937682,1.71074799268
13,Lemongrass Basil Simmer Sauce,Tikka Masala Simmer Sauce,0.017903930131,0.0235807860262,0.0100436681223,0.560975609756,23.7895212285,0.00962147937682,2.22406598738
14,Garlic Pepper Ramen,Seaweed Ramen,0.0842794759825,0.061135371179,0.0262008733624,0.310880829016,5.08512213175,0.0210484163155,1.36241258167
15,Seaweed Ramen,Garlic Pepper Ramen,0.061135371179,0.0842794759825,0.0262008733624,0.428571428571,5.08512213175,0.0210484163155,1.60251091703
16,Tofu Miso Ramen,Garlic Pepper Ramen,0.101746724891,0.0842794759825,0.0528384279476,0.519313304721,6.16180035135,0.0442632672909,1.905025733
17,Garlic Pepper Ramen,Tofu Miso Ramen,0.0842794759825,0.101746724891,0.0528384279476,0.626943005181,6.16180035135,0.0442632672909,2.40781780689
18,Madras Lentils Indian Cuisine,Bombay Potatoes Vegetarian,0.0458515283843,0.0349344978166,0.0144104803493,0.314285714286,8.99642857143,0.0128086802311,1.40738719068
19,Bombay Potatoes Vegetarian,Madras Lentils Indian Cuisine,0.0349344978166,0.0458515283843,0.0144104803493,0.4125,8.99642857143,0.0128086802311,1.62408250488
20,"Tofu Miso Ramen, Asian Vegetable Ramen",Organic Lemongrass Ginger Ramen,0.0620087336245,0.0558951965066,0.02096069869,0.338028169014,6.04753521127,0.0174947083389,1.42620087336
21,"Tofu Miso Ramen, Organic Lemongrass Ginger Ramen",Asian Vegetable Ramen,0.0349344978166,0.0982532751092,0.02096069869,0.6,6.10666666667,0.0175282698652,2.25436681223
22,"Asian Vegetable Ramen, Organic Lemongrass Ginger Ramen",Tofu Miso Ramen,0.0288209606987,0.101746724891,0.02096069869,0.727272727273,7.14787358564,0.0180282603307,3.29359534207
23,Tofu Miso Ramen,"Asian Vegetable Ramen, Organic Lemongrass Ginger Ramen",0.101746724891,0.0288209606987,0.02096069869,0.206008583691,7.14787358564,0.0180282603307,1.22316062788
24,Asian Vegetable Ramen,"Tofu Miso Ramen, Organic Lemongrass Ginger Ramen",0.0982532751092,0.0349344978166,0.02096069869,0.213333333333,6.10666666667,0.0175282698652,1.22677818074
25,Organic Lemongrass Ginger Ramen,"Tofu Miso Ramen, Asian Vegetable Ramen",0.0558951965066,0.0620087336245,0.02096069869,0.375,6.04753521127,0.0174947083389,1.5007860262
26,"Mushroom Ramen, Tofu Miso Ramen",Organic Lemongrass Ginger Ramen,0.0545851528384,0.0558951965066,0.0174672489083,0.32,5.725,0.0144162010641,1.3883894169
27,"Mushroom Ramen, Organic Lemongrass Ginger Ramen",Tofu Miso Ramen,0.0240174672489,0.101746724891,0.0174672489083,0.727272727273,7.14787358564,0.0150235502755,3.29359534207
28,"Tofu Miso Ramen, Organic Lemongrass Ginger Ramen",Mushroom Ramen,0.0349344978166,0.0864628820961,0.0174672489083,0.5,5.78282828283,0.0144467115425,1.82707423581
29,Mushroom Ramen,"Tofu Miso Ramen, Organic Lemongrass Ginger Ramen",0.0864628820961,0.0349344978166,0.0174672489083,0.20202020202,5.78282828283,0.0144467115425,1.20938588248
30,Tofu Miso Ramen,"Mushroom Ramen, Organic Lemongrass Ginger Ramen",0.101746724891,0.0240174672489,0.0174672489083,0.171673819742,7.14787358564,0.0150235502755,1.17825870534
31,Organic Lemongrass Ginger Ramen,"Mushroom Ramen, Tofu Miso Ramen",0.0558951965066,0.0545851528384,0.0174672489083,0.3125,5.725,0.0144162010641,1.3751488686
32,Garlic Pepper Ramen,Organic Lemongrass Ginger Ramen,0.0842794759825,0.0558951965066,0.0262008733624,0.310880829016,5.56185233161,0.0214900554909,1.37001674492
33,Organic Lemongrass Ginger Ramen,Garlic Pepper Ramen,0.0558951965066,0.0842794759825,0.0262008733624,0.46875,5.56185233161,0.0214900554909,1.72370922168
34,Mushroom Ramen,Asian Vegetable Ramen,0.0864628820961,0.0982532751092,0.0510917030568,0.590909090909,6.01414141414,0.0425964417155,2.20426977196
35,Asian Vegetable Ramen,Mushroom Ramen,0.0982532751092,0.0864628820961,0.0510917030568,0.52,6.01414141414,0.0425964417155,1.90320232897
36,Spinach Dal Indian Cuisine,Channa Masala Indian Cuisine,0.0384279475983,0.0572052401747,0.0222707423581,0.579545454545,10.1309854268,0.0200724623863,2.24232267202
37,Channa Masala Indian Cuisine,Spinach Dal Indian Cuisine,0.0572052401747,0.0384279475983,0.0222707423581,0.389312977099,10.1309854268,0.0200724623863,1.57457423581
38,"Tofu Miso Ramen, Garlic Pepper Ramen, Asian Vegetable Ramen",Seaweed Ramen,0.0384279475983,0.061135371179,0.0117903930131,0.306818181818,5.01866883117,0.00944108617303,1.35442766125
39,"Tofu Miso Ramen, Garlic Pepper Ramen, Seaweed Ramen",Asian Vegetable Ramen,0.0144104803493,0.0982532751092,0.0117903930131,0.818181818182,8.32727272727,0.0103745161229,4.9596069869
40,"Tofu Miso Ramen, Asian Vegetable Ramen, Seaweed Ramen",Garlic Pepper Ramen,0.0222707423581,0.0842794759825,0.0117903930131,0.529411764706,6.28162145687,0.00991342651742,1.94590611354
41,"Garlic Pepper Ramen, Asian Vegetable Ramen, Seaweed Ramen",Tofu Miso Ramen,0.0187772925764,0.101746724891,0.0117903930131,0.627906976744,6.1712745783,0.00987986499113,2.41405567686
42,"Tofu Miso Ramen, Garlic Pepper Ramen","Asian Vegetable Ramen, Seaweed Ramen",0.0528384279476,0.0366812227074,0.0117903930131,0.223140495868,6.08323494687,0.00985221487004,1.24001672396
43,"Tofu Miso Ramen, Asian Vegetable Ramen","Garlic Pepper Ramen, Seaweed Ramen",0.0620087336245,0.0262008733624,0.0117903930131,0.19014084507,7.25704225352,0.010165710036,1.20243022594
44,"Tofu Miso Ramen, Seaweed Ramen","Garlic Pepper Ramen, Asian Vegetable Ramen",0.0331877729258,0.0541484716157,0.0117903930131,0.355263157895,6.56090831919,0.00999332583284,1.46703502362
45,"Garlic Pepper Ramen, Asian Vegetable Ramen","Tofu Miso Ramen, Seaweed Ramen",0.0541484716157,0.0331877729258,0.0117903930131,0.217741935484,6.56090831919,0.00999332583284,1.23592490884
46,"Garlic Pepper Ramen, Seaweed Ramen","Tofu Miso Ramen, Asian Vegetable Ramen",0.0262008733624,0.0620087336245,0.0117903930131,0.45,7.25704225352,0.010165710036,1.70543866614
47,"Asian Vegetable Ramen, Seaweed Ramen","Tofu Miso Ramen, Garlic Pepper Ramen",0.0366812227074,0.0528384279476,0.0117903930131,0.321428571429,6.08323494687,0.00985221487004,1.39581705355
48,Tofu Miso Ramen,"Garlic Pepper Ramen, Asian Vegetable Ramen, Seaweed Ramen",0.101746724891,0.0187772925764,0.0117903930131,0.115879828326,6.1712745783,0.00987986499113,1.10982956713
49,Garlic Pepper Ramen,"Tofu Miso Ramen, Asian Vegetable Ramen, Seaweed Ramen",0.0842794759825,0.0222707423581,0.0117903930131,0.139896373057,6.28162145687,0.00991342651742,1.13675751039
50,Asian Vegetable Ramen,"Tofu Miso Ramen, Garlic Pepper Ramen, Seaweed Ramen",0.0982532751092,0.0144104803493,0.0117903930131,0.12,8.32727272727,0.0103745161229,1.11998809051
51,Seaweed Ramen,"Tofu Miso Ramen, Garlic Pepper Ramen, Asian Vegetable Ramen",0.061135371179,0.0384279475983,0.0117903930131,0.192857142857,5.01866883117,0.00944108617303,1.19132820652
52,Madras Lentils Indian Cuisine,Indian Cuisine Bengal Lentils,0.0458515283843,0.0323144104803,0.0183406113537,0.4,12.3783783784,0.0168589462444,1.61280931587
53,Indian Cuisine Bengal Lentils,Madras Lentils Indian Cuisine,0.0323144104803,0.0458515283843,0.0183406113537,0.567567567568,12.3783783784,0.0168589462444,2.20646834061
54,Spinach Dal Indian Cuisine,Madras Lentils Indian Cuisine,0.0384279475983,0.0458515283843,0.0170305676856,0.443181818182,9.66558441558,0.0152685875555,1.71357276535
55,Madras Lentils Indian Cuisine,Spinach Dal Indian Cuisine,0.0458515283843,0.0384279475983,0.0170305676856,0.371428571429,9.66558441558,0.0152685875555,1.52977371973
56,Spinach Dal Indian Cuisine,Indian Cuisine Bengal Lentils,0.0384279475983,0.0323144104803,0.0148471615721,0.386363636364,11.9563882064,0.0136053850994,1.57696910885
57,Indian Cuisine Bengal Lentils,Spinach Dal Indian Cuisine,0.0323144104803,0.0384279475983,0.0148471615721,0.459459459459,11.9563882064,0.0136053850994,1.77890829694
58,"Tofu Miso Ramen, Garlic Pepper Ramen",Organic Lemongrass Ginger Ramen,0.0528384279476,0.0558951965066,0.0174672489083,0.330578512397,5.91425619835,0.0145138345951,1.41032939781
59,"Tofu Miso Ramen, Organic Lemongrass Ginger Ramen",Garlic Pepper Ramen,0.0349344978166,0.0842794759825,0.0174672489083,0.5,5.93264248705,0.0145229877386,1.83144104803
60,"Garlic Pepper Ramen, Organic Lemongrass Ginger Ramen",Tofu Miso Ramen,0.0262008733624,0.101746724891,0.0174672489083,0.666666666667,6.55221745351,0.0148013958544,2.69475982533
61,Tofu Miso Ramen,"Garlic Pepper Ramen, Organic Lemongrass Ginger Ramen",0.101746724891,0.0262008733624,0.0174672489083,0.171673819742,6.55221745351,0.0148013958544,1.17562277983
62,Garlic Pepper Ramen,"Tofu Miso Ramen, Organic Lemongrass Ginger Ramen",0.0842794759825,0.0349344978166,0.0174672489083,0.20725388601,5.93264248705,0.0145229877386,1.21737020864
63,Organic Lemongrass Ginger Ramen,"Tofu Miso Ramen, Garlic Pepper Ramen",0.0558951965066,0.0528384279476,0.0174672489083,0.3125,5.91425619835,0.0145138345951,1.37768955935
64,Jodhpur Lentils,Indian Cuisine Bengal Lentils,0.0353711790393,0.0323144104803,0.0135371179039,0.382716049383,11.8435101768,0.0123941191053,1.56765065502
65,Indian Cuisine Bengal Lentils,Jodhpur Lentils,0.0323144104803,0.0353711790393,0.0135371179039,0.418918918919,11.8435101768,0.0123941191053,1.66005890119
66,"Mushroom Ramen, Tofu Miso Ramen",Garlic Pepper Ramen,0.0545851528384,0.0842794759825,0.0292576419214,0.536,6.35979274611,0.0246572338437,1.97353561211
67,"Mushroom Ramen, Garlic Pepper Ramen",Tofu Miso Ramen,0.0423580786026,0.101746724891,0.0292576419214,0.690721649485,6.7886376709,0.0249478461509,2.90435225619
68,"Tofu Miso Ramen, Garlic Pepper Ramen",Mushroom Ramen,0.0528384279476,0.0864628820961,0.0292576419214,0.553719008264,6.40412388346,0.0246890791556,2.04699983827
69,Mushroom Ramen,"Tofu Miso Ramen, Garlic Pepper Ramen",0.0864628820961,0.0528384279476,0.0292576419214,0.338383838384,6.40412388346,0.0246890791556,1.43158771959
70,Tofu Miso Ramen,"Mushroom Ramen, Garlic Pepper Ramen",0.101746724891,0.0423580786026,0.0292576419214,0.287553648069,6.7886376709,0.0249478461509,1.3441600463
71,Garlic Pepper Ramen,"Mushroom Ramen, Tofu Miso Ramen",0.0842794759825,0.0545851528384,0.0292576419214,0.347150259067,6.35979274611,0.0246572338437,1.44813544049
72,Indian Cuisine Bengal Lentils,Bombay Potatoes Vegetarian,0.0323144104803,0.0349344978166,0.0117903930131,0.364864864865,10.4442567568,0.0106615053107,1.51946483322
73,Bombay Potatoes Vegetarian,Indian Cuisine Bengal Lentils,0.0349344978166,0.0323144104803,0.0117903930131,0.3375,10.4442567568,0.0106615053107,1.46065749361
74,"Tofu Miso Ramen, Asian Vegetable Ramen",Seaweed Ramen,0.0620087336245,0.061135371179,0.0222707423581,0.359154929577,5.87474849095,0.0184798154116,1.46504150871
75,"Tofu Miso Ramen, Seaweed Ramen",Asian Vegetable Ramen,0.0331877729258,0.0982532751092,0.0222707423581,0.671052631579,6.8298245614,0.0190099349745,2.74131004367
76,"Asian Vegetable Ramen, Seaweed Ramen",Tofu Miso Ramen,0.0366812227074,0.101746724891,0.0222707423581,0.607142857143,5.96719803801,0.0185385480826,2.2864628821
77,Tofu Miso Ramen,"Asian Vegetable Ramen, Seaweed Ramen",0.101746724891,0.0366812227074,0.0222707423581,0.218884120172,5.96719803801,0.0185385480826,1.23325975335
78,Asian Vegetable Ramen,"Tofu Miso Ramen, Seaweed Ramen",0.0982532751092,0.0331877729258,0.0222707423581,0.226666666667,6.8298245614,0.0190099349745,1.25018822466
79,Seaweed Ramen,"Tofu Miso Ramen, Asian Vegetable Ramen",0.061135371179,0.0620087336245,0.0222707423581,0.364285714286,5.87474849095,0.0184798154116,1.47549187969
80,Madras Lentils Indian Cuisine,Jaipur Vegetables,0.0458515283843,0.0183406113537,0.0100436681223,0.219047619048,11.9433106576,0.0092027230602,1.25700287571
81,Jaipur Vegetables,Madras Lentils Indian Cuisine,0.0183406113537,0.0458515283843,0.0100436681223,0.547619047619,11.9433106576,0.0092027230602,2.10917030568
82,Spinach Dal Indian Cuisine,Punjab Eggplant,0.0384279475983,0.0331877729258,0.0126637554585,0.329545454545,9.92972488038,0.0113884174596,1.44202501665
83,Punjab Eggplant,Spinach Dal Indian Cuisine,0.0331877729258,0.0384279475983,0.0126637554585,0.381578947368,9.92972488038,0.0113884174596,1.55488246771
84,Mushroom Ramen,Garlic Pepper Ramen,0.0864628820961,0.0842794759825,0.0423580786026,0.489898989899,5.81279112367,0.0350710322076,1.79517488867
85,Garlic Pepper Ramen,Mushroom Ramen,0.0842794759825,0.0864628820961,0.0423580786026,0.502590673575,5.81279112367,0.0350710322076,1.83659024745
86,Punjab Eggplant,Jodhpur Lentils,0.0331877729258,0.0353711790393,0.0117903930131,0.355263157895,10.0438596491,0.010616502355,1.49615898761
87,Jodhpur Lentils,Punjab Eggplant,0.0353711790393,0.0331877729258,0.0117903930131,0.333333333333,10.0438596491,0.010616502355,1.45021834061
88,Madras Lentils Indian Cuisine,Jodhpur Lentils,0.0458515283843,0.0353711790393,0.0165938864629,0.361904761905,10.2316284539,0.0149720638432,1.51173173434
89,Jodhpur Lentils,Madras Lentils Indian Cuisine,0.0353711790393,0.0458515283843,0.0165938864629,0.469135802469,10.2316284539,0.0149720638432,1.79734944653
90,"Mushroom Ramen, Garlic Pepper Ramen",Seaweed Ramen,0.0423580786026,0.061135371179,0.0131004366812,0.309278350515,5.058910162,0.0105108598234,1.35925177605
91,"Mushroom Ramen, Seaweed Ramen",Garlic Pepper Ramen,0.0331877729258,0.0842794759825,0.0131004366812,0.394736842105,4.68366512135,0.01030338857,1.51292956142
92,"Garlic Pepper Ramen, Seaweed Ramen",Mushroom Ramen,0.0262008733624,0.0864628820961,0.0131004366812,0.5,5.78282828283,0.0108350336569,1.82707423581
93,Mushroom Ramen,"Garlic Pepper Ramen, Seaweed Ramen",0.0864628820961,0.0262008733624,0.0131004366812,0.151515151515,5.78282828283,0.0108350336569,1.14769182782
94,Garlic Pepper Ramen,"Mushroom Ramen, Seaweed Ramen",0.0842794759825,0.0331877729258,0.0131004366812,0.155440414508,4.68366512135,0.01030338857,1.14475312776
95,Seaweed Ramen,"Mushroom Ramen, Garlic Pepper Ramen",0.061135371179,0.0423580786026,0.0131004366812,0.214285714286,5.058910162,0.0105108598234,1.21881699087
96,"Tofu Miso Ramen, Garlic Pepper Ramen",Seaweed Ramen,0.0528384279476,0.061135371179,0.0144104803493,0.272727272727,4.46103896104,0.0111801834443,1.29093886463
97,"Tofu Miso Ramen, Seaweed Ramen",Garlic Pepper Ramen,0.0331877729258,0.0842794759825,0.0144104803493,0.434210526316,5.15203163349,0.0116134322381,1.61848278664
98,"Garlic Pepper Ramen, Seaweed Ramen",Tofu Miso Ramen,0.0262008733624,0.101746724891,0.0144104803493,0.55,5.40557939914,0.0117446272954,1.99611838913
99,Tofu Miso Ramen,"Garlic Pepper Ramen, Seaweed Ramen",0.101746724891,0.0262008733624,0.0144104803493,0.141630901288,5.40557939914,0.0117446272954,1.13447598253
100,Garlic Pepper Ramen,"Tofu Miso Ramen, Seaweed Ramen",0.0842794759825,0.0331877729258,0.0144104803493,0.170984455959,5.15203163349,0.0116134322381,1.16621724891
101,Seaweed Ramen,"Tofu Miso Ramen, Garlic Pepper Ramen",0.061135371179,0.0528384279476,0.0144104803493,0.235714285714,4.46103896104,0.0111801834443,1.23927682325
102,Spinach Dal Indian Cuisine,Jodhpur Lentils,0.0384279475983,0.0353711790393,0.0109170305677,0.284090909091,8.03170594837,0.00955778875307,1.34741803563
103,Jodhpur Lentils,Spinach Dal Indian Cuisine,0.0353711790393,0.0384279475983,0.0109170305677,0.308641975309,8.03170594837,0.00955778875307,1.39084529008
104,Mushroom Ramen,Tofu Miso Ramen,0.0864628820961,0.101746724891,0.0545851528384,0.631313131313,6.20475137643,0.0457878377605,2.43635819824
105,Tofu Miso Ramen,Mushroom Ramen,0.101746724891,0.0864628820961,0.0545851528384,0.536480686695,6.20475137643,0.0457878377605,1.97087174511
106,"Mushroom Ramen, Garlic Pepper Ramen",Organic Lemongrass Ginger Ramen,0.0423580786026,0.0558951965066,0.0113537117904,0.268041237113,4.79542525773,0.00898609866326,1.28983332308
107,"Mushroom Ramen, Organic Lemongrass Ginger Ramen",Garlic Pepper Ramen,0.0240174672489,0.0842794759825,0.0113537117904,0.472727272727,5.60904380593,0.00932953223623,1.73671133865
108,"Garlic Pepper Ramen, Organic Lemongrass Ginger Ramen",Mushroom Ramen,0.0262008733624,0.0864628820961,0.0113537117904,0.433333333333,5.01178451178,0.00908830876604,1.61212432571
109,Mushroom Ramen,"Garlic Pepper Ramen, Organic Lemongrass Ginger Ramen",0.0864628820961,0.0262008733624,0.0113537117904,0.131313131313,5.01178451178,0.00908830876604,1.1210013202
110,Garlic Pepper Ramen,"Mushroom Ramen, Organic Lemongrass Ginger Ramen",0.0842794759825,0.0240174672489,0.0113537117904,0.134715025907,5.60904380593,0.00932953223623,1.12793190911
111,Organic Lemongrass Ginger Ramen,"Mushroom Ramen, Garlic Pepper Ramen",0.0558951965066,0.0423580786026,0.0113537117904,0.203125,4.79542525773,0.00898609866326,1.20174672489
112,"Tofu Miso Ramen, Seaweed Ramen",Organic Lemongrass Ginger Ramen,0.0331877729258,0.0558951965066,0.0122270742358,0.368421052632,6.59128289474,0.0103720371465,1.49483260553
113,"Tofu Miso Ramen, Organic Lemongrass Ginger Ramen",Seaweed Ramen,0.0349344978166,0.061135371179,0.0122270742358,0.35,5.725,0.0100913407448,1.44440712126
114,"Organic Lemongrass Ginger Ramen, Seaweed Ramen",Tofu Miso Ramen,0.0192139737991,0.101746724891,0.0122270742358,0.636363636364,6.25438938744,0.0102721153296,2.47019650655
115,Tofu Miso Ramen,"Organic Lemongrass Ginger Ramen, Seaweed Ramen",0.101746724891,0.0192139737991,0.0122270742358,0.12017167382,6.25438938744,0.0102721153296,1.11474704441
116,Seaweed Ramen,"Tofu Miso Ramen, Organic Lemongrass Ginger Ramen",0.061135371179,0.0349344978166,0.0122270742358,0.2,5.725,0.0100913407448,1.20633187773
117,Organic Lemongrass Ginger Ramen,"Tofu Miso Ramen, Seaweed Ramen",0.0558951965066,0.0331877729258,0.0122270742358,0.21875,6.59128289474,0.0103720371465,1.23751965066
118,Miso Soup Bowl,Udon Soup Bowl,0.0301310043668,0.0362445414847,0.017903930131,0.594202898551,16.3942727431,0.0168118456933,2.37496880848
119,Udon Soup Bowl,Miso Soup Bowl,0.0362445414847,0.0301310043668,0.017903930131,0.493975903614,16.3942727431,0.0168118456933,1.91664587232
120,"Asian Vegetable Ramen, Seaweed Ramen",Organic Lemongrass Ginger Ramen,0.0366812227074,0.0558951965066,0.010480349345,0.285714285714,5.11160714286,0.00843004519365,1.32174672489
121,"Organic Lemongrass Ginger Ramen, Seaweed Ramen",Asian Vegetable Ramen,0.0192139737991,0.0982532751092,0.010480349345,0.545454545455,5.55151515152,0.00859251349135,1.98384279476
122,"Asian Vegetable Ramen, Organic Lemongrass Ginger Ramen",Seaweed Ramen,0.0288209606987,0.061135371179,0.010480349345,0.363636363636,5.94805194805,0.00871836921493,1.47535870243
123,Seaweed Ramen,"Asian Vegetable Ramen, Organic Lemongrass Ginger Ramen",0.061135371179,0.0288209606987,0.010480349345,0.171428571429,5.94805194805,0.00871836921493,1.17211263364
124,Asian Vegetable Ramen,"Organic Lemongrass Ginger Ramen, Seaweed Ramen",0.0982532751092,0.0192139737991,0.010480349345,0.106666666667,5.55151515152,0.00859251349135,1.09789480545
125,Organic Lemongrass Ginger Ramen,"Asian Vegetable Ramen, Seaweed Ramen",0.0558951965066,0.0366812227074,0.010480349345,0.1875,5.11160714286,0.00843004519365,1.18562311051
126,"Mushroom Ramen, Tofu Miso Ramen",Seaweed Ramen,0.0545851528384,0.061135371179,0.0196506550218,0.36,5.88857142857,0.0163135714422,1.46697598253
127,"Mushroom Ramen, Seaweed Ramen",Tofu Miso Ramen,0.0331877729258,0.101746724891,0.0196506550218,0.592105263158,5.81940365936,0.0162739078202,2.20216931962
128,"Tofu Miso Ramen, Seaweed Ramen",Mushroom Ramen,0.0331877729258,0.0864628820961,0.0196506550218,0.592105263158,6.8480861244,0.0167811445243,2.23963938583
129,Mushroom Ramen,"Tofu Miso Ramen, Seaweed Ramen",0.0864628820961,0.0331877729258,0.0196506550218,0.227272727273,6.8480861244,0.0167811445243,1.25116876445
130,Tofu Miso Ramen,"Mushroom Ramen, Seaweed Ramen",0.101746724891,0.0331877729258,0.0196506550218,0.19313304721,5.81940365936,0.0162739078202,1.19823004738
131,Seaweed Ramen,"Mushroom Ramen, Tofu Miso Ramen",0.061135371179,0.0545851528384,0.0196506550218,0.321428571429,5.88857142857,0.0163135714422,1.39324293266
132,Channa Masala Indian Cuisine,Vegetable Korma,0.0572052401747,0.0244541484716,0.0117903930131,0.206106870229,8.42829880044,0.0103914875765,1.22881256298
133,Vegetable Korma,Channa Masala Indian Cuisine,0.0244541484716,0.0572052401747,0.0117903930131,0.482142857143,8.42829880044,0.0103914875765,1.82056919139
134,"Tofu Miso Ramen, Garlic Pepper Ramen, Asian Vegetable Ramen",Organic Lemongrass Ginger Ramen,0.0384279475983,0.0558951965066,0.0109170305677,0.284090909091,5.08256392045,0.00876909288534,1.31874956678
135,"Tofu Miso Ramen, Garlic Pepper Ramen, Organic Lemongrass Ginger Ramen",Asian Vegetable Ramen,0.0174672489083,0.0982532751092,0.0109170305677,0.625,6.36111111111,0.0092008161553,2.40465793304
136,"Tofu Miso Ramen, Asian Vegetable Ramen, Organic Lemongrass Ginger Ramen",Garlic Pepper Ramen,0.02096069869,0.0842794759825,0.0109170305677,0.520833333333,6.17983592401,0.00915047386587,1.91106891969
137,"Garlic Pepper Ramen, Asian Vegetable Ramen, Organic Lemongrass Ginger Ramen",Tofu Miso Ramen,0.0144104803493,0.101746724891,0.0109170305677,0.757575757576,7.44570165171,0.00945081138804,3.70529475983
138,"Tofu Miso Ramen, Garlic Pepper Ramen","Asian Vegetable Ramen, Organic Lemongrass Ginger Ramen",0.0528384279476,0.0288209606987,0.0109170305677,0.206611570248,7.16879539194,0.00939417631243,1.22409024745
139,"Tofu Miso Ramen, Asian Vegetable Ramen","Garlic Pepper Ramen, Organic Lemongrass Ginger Ramen",0.0620087336245,0.0262008733624,0.0109170305677,0.176056338028,6.71948356808,0.00929234759063,1.1818758631
140,"Tofu Miso Ramen, Organic Lemongrass Ginger Ramen","Garlic Pepper Ramen, Asian Vegetable Ramen",0.0349344978166,0.0541484716157,0.0109170305677,0.3125,5.77116935484,0.00902538090425,1.37578404129
141,"Garlic Pepper Ramen, Asian Vegetable Ramen","Tofu Miso Ramen, Organic Lemongrass Ginger Ramen",0.0541484716157,0.0349344978166,0.0109170305677,0.201612903226,5.77116935484,0.00902538090425,1.20876891183
142,"Garlic Pepper Ramen, Organic Lemongrass Ginger Ramen","Tofu Miso Ramen, Asian Vegetable Ramen",0.0262008733624,0.0620087336245,0.0109170305677,0.416666666667,6.71948356808,0.00929234759063,1.60798502807
143,"Asian Vegetable Ramen, Organic Lemongrass Ginger Ramen","Tofu Miso Ramen, Garlic Pepper Ramen",0.0288209606987,0.0528384279476,0.0109170305677,0.378787878788,7.16879539194,0.00939417631243,1.52469911599
144,Tofu Miso Ramen,"Garlic Pepper Ramen, Asian Vegetable Ramen, Organic Lemongrass Ginger Ramen",0.101746724891,0.0144104803493,0.0109170305677,0.107296137339,7.44570165171,0.00945081138804,1.10404979845
145,Garlic Pepper Ramen,"Tofu Miso Ramen, Asian Vegetable Ramen, Organic Lemongrass Ginger Ramen",0.0842794759825,0.02096069869,0.0109170305677,0.129533678756,6.17983592401,0.00915047386587,1.12472967353
146,Asian Vegetable Ramen,"Tofu Miso Ramen, Garlic Pepper Ramen, Organic Lemongrass Ginger Ramen",0.0982532751092,0.0174672489083,0.0109170305677,0.111111111111,6.36111111111,0.0092008161553,1.10534934498
147,Organic Lemongrass Ginger Ramen,"Tofu Miso Ramen, Garlic Pepper Ramen, Asian Vegetable Ramen",0.0558951965066,0.0384279475983,0.0109170305677,0.1953125,5.08256392045,0.00876909288534,1.19496332726
148,Red Chile Enchilada Sauce,Green Chile Enchilada Sauce,0.0314410480349,0.0262008733624,0.0161572052402,0.513888888889,19.6134259259,0.0153334223222,2.00324391765
149,Green Chile Enchilada Sauce,Red Chile Enchilada Sauce,0.0262008733624,0.0314410480349,0.0161572052402,0.616666666667,19.6134259259,0.0153334223222,2.52667552687
150,"Mushroom Ramen, Tofu Miso Ramen, Garlic Pepper Ramen",Asian Vegetable Ramen,0.0292576419214,0.0982532751092,0.0205240174672,0.701492537313,7.13963515755,0.0176493583265,3.02085152838
151,"Mushroom Ramen, Tofu Miso Ramen, Asian Vegetable Ramen",Garlic Pepper Ramen,0.0366812227074,0.0842794759825,0.0205240174672,0.559523809524,6.63890944979,0.0174325432391,2.07893308155
152,"Mushroom Ramen, Garlic Pepper Ramen, Asian Vegetable Ramen",Tofu Miso Ramen,0.0266375545852,0.101746724891,0.0205240174672,0.770491803279,7.57264476184,0.0178137335291,3.91381784155
153,"Tofu Miso Ramen, Garlic Pepper Ramen, Asian Vegetable Ramen",Mushroom Ramen,0.0384279475983,0.0864628820961,0.0205240174672,0.534090909091,6.17711202938,0.0172014263649,1.96076259453
154,"Mushroom Ramen, Tofu Miso Ramen","Garlic Pepper Ramen, Asian Vegetable Ramen",0.0545851528384,0.0541484716157,0.0205240174672,0.376,6.94387096774,0.0175683148681,1.51578770574
155,"Mushroom Ramen, Garlic Pepper Ramen","Tofu Miso Ramen, Asian Vegetable Ramen",0.0423580786026,0.0620087336245,0.0205240174672,0.484536082474,7.81399738638,0.0178974466543,1.81970305677
156,"Mushroom Ramen, Asian Vegetable Ramen","Tofu Miso Ramen, Garlic Pepper Ramen",0.0510917030568,0.0528384279476,0.0205240174672,0.401709401709,7.60259942078,0.0178244121966,1.58311291329
157,"Tofu Miso Ramen, Garlic Pepper Ramen","Mushroom Ramen, Asian Vegetable Ramen",0.0528384279476,0.0510917030568,0.0205240174672,0.388429752066,7.60259942078,0.0178244121966,1.55159329635
158,"Tofu Miso Ramen, Asian Vegetable Ramen","Mushroom Ramen, Garlic Pepper Ramen",0.0620087336245,0.0423580786026,0.0205240174672,0.330985915493,7.81399738638,0.0178974466543,1.43142266146
159,"Garlic Pepper Ramen, Asian Vegetable Ramen","Mushroom Ramen, Tofu Miso Ramen",0.0541484716157,0.0545851528384,0.0205240174672,0.379032258065,6.94387096774,0.0175683148681,1.52248624738
160,Mushroom Ramen,"Tofu Miso Ramen, Garlic Pepper Ramen, Asian Vegetable Ramen",0.0864628820961,0.0384279475983,0.0205240174672,0.237373737374,6.17711202938,0.0172014263649,1.26086931375
161,Tofu Miso Ramen,"Mushroom Ramen, Garlic Pepper Ramen, Asian Vegetable Ramen",0.101746724891,0.0266375545852,0.0205240174672,0.201716738197,7.57264476184,0.0178137335291,1.21931962248
162,Garlic Pepper Ramen,"Mushroom Ramen, Tofu Miso Ramen, Asian Vegetable Ramen",0.0842794759825,0.0366812227074,0.0205240174672,0.243523316062,6.63890944979,0.0174325432391,1.27342824669
163,Asian Vegetable Ramen,"Mushroom Ramen, Tofu Miso Ramen, Garlic Pepper Ramen",0.0982532751092,0.0292576419214,0.0205240174672,0.208888888889,7.13963515755,0.0176493583265,1.22706196948
164,Wasabi Roasted Seaweed Snacks,Roasted Sesame Seaweed Snacks,0.0305676855895,0.0292576419214,0.0100436681223,0.328571428571,11.2302771855,0.00914932972293,1.44578649076
165,Roasted Sesame Seaweed Snacks,Wasabi Roasted Seaweed Snacks,0.0292576419214,0.0305676855895,0.0100436681223,0.34328358209,11.2302771855,0.00914932972293,1.47618102422
166,Tofu Miso Ramen,Seaweed Ramen,0.101746724891,0.061135371179,0.0331877729258,0.326180257511,5.33537706928,0.0269674491333,1.39334686952
167,Seaweed Ramen,Tofu Miso Ramen,0.061135371179,0.101746724891,0.0331877729258,0.542857142857,5.33537706928,0.0269674491333,1.9649290393
168,"Mushroom Ramen, Asian Vegetable Ramen",Organic Lemongrass Ginger Ramen,0.0510917030568,0.0558951965066,0.0135371179039,0.264957264957,4.74025106838,0.0106813371217,1.28442165126
169,"Mushroom Ramen, Organic Lemongrass Ginger Ramen",Asian Vegetable Ramen,0.0240174672489,0.0982532751092,0.0135371179039,0.563636363636,5.73656565657,0.0111773230869,2.06650291121
170,"Asian Vegetable Ramen, Organic Lemongrass Ginger Ramen",Mushroom Ramen,0.0288209606987,0.0864628820961,0.0135371179039,0.469696969697,5.43235384144,0.0110451745771,1.72266999376
171,Mushroom Ramen,"Asian Vegetable Ramen, Organic Lemongrass Ginger Ramen",0.0864628820961,0.0288209606987,0.0135371179039,0.156565656566,5.43235384144,0.0110451745771,1.15145778312
172,Asian Vegetable Ramen,"Mushroom Ramen, Organic Lemongrass Ginger Ramen",0.0982532751092,0.0240174672489,0.0135371179039,0.137777777778,5.73656565657,0.0111773230869,1.13193850448
173,Organic Lemongrass Ginger Ramen,"Mushroom Ramen, Asian Vegetable Ramen",0.0558951965066,0.0510917030568,0.0135371179039,0.2421875,4.74025106838,0.0106813371217,1.25216764957
174,Asian Vegetable Ramen,Seaweed Ramen,0.0982532751092,0.061135371179,0.0366812227074,0.373333333333,6.10666666667,0.0306744722641,1.49818823748
175,Seaweed Ramen,Asian Vegetable Ramen,0.061135371179,0.0982532751092,0.0366812227074,0.6,6.10666666667,0.0306744722641,2.25436681223
176,"Mushroom Ramen, Garlic Pepper Ramen",Asian Vegetable Ramen,0.0423580786026,0.0982532751092,0.0266375545852,0.628865979381,6.40045819015,0.0224757346351,2.42970645318
177,"Mushroom Ramen, Asian Vegetable Ramen",Garlic Pepper Ramen,0.0510917030568,0.0842794759825,0.0266375545852,0.521367521368,6.18617421726,0.0223315726245,1.91320180911
178,"Garlic Pepper Ramen, Asian Vegetable Ramen",Mushroom Ramen,0.0541484716157,0.0864628820961,0.0266375545852,0.491935483871,5.68955685891,0.0219557216682,1.79807305746
179,Mushroom Ramen,"Garlic Pepper Ramen, Asian Vegetable Ramen",0.0864628820961,0.0541484716157,0.0266375545852,0.308080808081,5.68955685891,0.0219557216682,1.36699709942
180,Garlic Pepper Ramen,"Mushroom Ramen, Asian Vegetable Ramen",0.0842794759825,0.0510917030568,0.0266375545852,0.316062176166,6.18617421726,0.0223315726245,1.38741894932
181,Asian Vegetable Ramen,"Mushroom Ramen, Garlic Pepper Ramen",0.0982532751092,0.0423580786026,0.0266375545852,0.271111111111,6.40045819015,0.0224757346351,1.31383800192
182,Mushroom Ramen,Organic Lemongrass Ginger Ramen,0.0864628820961,0.0558951965066,0.0240174672489,0.277777777778,4.96961805556,0.0191846074636,1.30722203561
183,Organic Lemongrass Ginger Ramen,Mushroom Ramen,0.0558951965066,0.0864628820961,0.0240174672489,0.4296875,4.96961805556,0.0191846074636,1.60181850811
184,Channa Masala Indian Cuisine,Punjab Eggplant,0.0572052401747,0.0331877729258,0.0165938864629,0.290076335878,8.74045801527,0.0146953719418,1.36185378222
185,Punjab Eggplant,Channa Masala Indian Cuisine,0.0331877729258,0.0572052401747,0.0165938864629,0.5,8.74045801527,0.0146953719418,1.88558951965
186,Spinach Dal Indian Cuisine,Vegetable Korma,0.0384279475983,0.0244541484716,0.0109170305677,0.284090909091,11.617288961,0.00997730783166,1.36266722118
187,Vegetable Korma,Spinach Dal Indian Cuisine,0.0244541484716,0.0384279475983,0.0109170305677,0.446428571429,11.617288961,0.00997730783166,1.73703338498
188,Channa Masala Indian Cuisine,Madras Lentils Indian Cuisine,0.0572052401747,0.0458515283843,0.0240174672489,0.419847328244,9.15667030171,0.0213945195553,1.64465065502
189,Madras Lentils Indian Cuisine,Channa Masala Indian Cuisine,0.0458515283843,0.0572052401747,0.0240174672489,0.52380952381,9.15667030171,0.0213945195553,1.97986899563
190,"Mushroom Ramen, Seaweed Ramen",Organic Lemongrass Ginger Ramen,0.0331877729258,0.0558951965066,0.0117903930131,0.355263157895,6.35587993421,0.0099353559238,1.46432581766
191,"Mushroom Ramen, Organic Lemongrass Ginger Ramen",Seaweed Ramen,0.0240174672489,0.061135371179,0.0117903930131,0.490909090909,8.02987012987,0.0103220762381,1.84419837804
192,"Organic Lemongrass Ginger Ramen, Seaweed Ramen",Mushroom Ramen,0.0192139737991,0.0864628820961,0.0117903930131,0.613636363636,7.09710743802,0.0101290974619,2.36444901105
193,Mushroom Ramen,"Organic Lemongrass Ginger Ramen, Seaweed Ramen",0.0864628820961,0.0192139737991,0.0117903930131,0.136363636364,7.09710743802,0.0101290974619,1.13564697771
194,Seaweed Ramen,"Mushroom Ramen, Organic Lemongrass Ginger Ramen",0.061135371179,0.0240174672489,0.0117903930131,0.192857142857,8.02987012987,0.0103220762381,1.20918189898
195,Organic Lemongrass Ginger Ramen,"Mushroom Ramen, Seaweed Ramen",0.0558951965066,0.0331877729258,0.0117903930131,0.2109375,6.35587993421,0.0099353559238,1.22526698085
196,Channa Masala Indian Cuisine,Jodhpur Lentils,0.0572052401747,0.0353711790393,0.0170305676856,0.297709923664,8.41673734804,0.0150071508934,1.37354756028
197,Jodhpur Lentils,Channa Masala Indian Cuisine,0.0353711790393,0.0572052401747,0.0170305676856,0.481481481481,8.41673734804,0.0150071508934,1.81824703681
198,Garlic Pepper Ramen,Asian Vegetable Ramen,0.0842794759825,0.0982532751092,0.0541484716157,0.642487046632,6.53909038572,0.045867737076,2.52227707107
199,Asian Vegetable Ramen,Garlic Pepper Ramen,0.0982532751092,0.0842794759825,0.0541484716157,0.551111111111,6.53909038572,0.045867737076,2.0399714644
200,Seaweed Ramen,Organic Lemongrass Ginger Ramen,0.061135371179,0.0558951965066,0.0192139737991,0.314285714286,5.62276785714,0.0157968002136,1.37681950509
201,Organic Lemongrass Ginger Ramen,Seaweed Ramen,0.0558951965066,0.061135371179,0.0192139737991,0.34375,5.62276785714,0.0157968002136,1.43065086297
202,Channa Masala Indian Cuisine,Bombay Potatoes Vegetarian,0.0572052401747,0.0349344978166,0.0196506550218,0.343511450382,9.83301526718,0.0176522186839,1.47004163705
203,Bombay Potatoes Vegetarian,Channa Masala Indian Cuisine,0.0349344978166,0.0572052401747,0.0196506550218,0.5625,9.83301526718,0.0176522186839,2.15495945103
204,Tofu Miso Ramen,Organic Lemongrass Ginger Ramen,0.101746724891,0.0558951965066,0.0349344978166,0.343347639485,6.14270386266,0.0292473446349,1.43775437395
205,Organic Lemongrass Ginger Ramen,Tofu Miso Ramen,0.0558951965066,0.101746724891,0.0349344978166,0.625,6.14270386266,0.0292473446349,2.39534206696
206,Mushroom Ramen,Seaweed Ramen,0.0864628820961,0.061135371179,0.0331877729258,0.383838383838,6.2784992785,0.0279018325356,1.52373111891
207,Seaweed Ramen,Mushroom Ramen,0.061135371179,0.0864628820961,0.0331877729258,0.542857142857,6.2784992785,0.0279018325356,1.99836244541
208,"Tofu Miso Ramen, Garlic Pepper Ramen",Asian Vegetable Ramen,0.0528384279476,0.0982532751092,0.0384279475983,0.727272727273,7.40202020202,0.0332363990008,3.30640465793
209,"Tofu Miso Ramen, Asian Vegetable Ramen",Garlic Pepper Ramen,0.0620087336245,0.0842794759825,0.0384279475983,0.619718309859,7.35313435014,0.033201884022,2.40800582242
210,"Garlic Pepper Ramen, Asian Vegetable Ramen",Tofu Miso Ramen,0.0541484716157,0.101746724891,0.0384279475983,0.709677419355,6.97494116018,0.0329185179535,3.09398350315
211,Tofu Miso Ramen,"Garlic Pepper Ramen, Asian Vegetable Ramen",0.101746724891,0.0541484716157,0.0384279475983,0.377682403433,6.97494116018,0.0329185179535,1.5198855594
212,Garlic Pepper Ramen,"Tofu Miso Ramen, Asian Vegetable Ramen",0.0842794759825,0.0620087336245,0.0384279475983,0.455958549223,7.35313435014,0.033201884022,1.7241172801
213,Asian Vegetable Ramen,"Tofu Miso Ramen, Garlic Pepper Ramen",0.0982532751092,0.0528384279476,0.0384279475983,0.391111111111,7.40202020202,0.0332363990008,1.55555732636
214,"Garlic Pepper Ramen, Asian Vegetable Ramen",Organic Lemongrass Ginger Ramen,0.0541484716157,0.0558951965066,0.0144104803493,0.266129032258,4.76121471774,0.0113838408879,1.28647247949
215,"Garlic Pepper Ramen, Organic Lemongrass Ginger Ramen",Asian Vegetable Ramen,0.0262008733624,0.0982532751092,0.0144104803493,0.55,5.59777777778,0.0118361587308,2.00388161087
216,"Asian Vegetable Ramen, Organic Lemongrass Ginger Ramen",Garlic Pepper Ramen,0.0288209606987,0.0842794759825,0.0144104803493,0.5,5.93264248705,0.0119814648843,1.83144104803
217,Garlic Pepper Ramen,"Asian Vegetable Ramen, Organic Lemongrass Ginger Ramen",0.0842794759825,0.0288209606987,0.0144104803493,0.170984455959,5.93264248705,0.0119814648843,1.17148471616
218,Asian Vegetable Ramen,"Garlic Pepper Ramen, Organic Lemongrass Ginger Ramen",0.0982532751092,0.0262008733624,0.0144104803493,0.146666666667,5.59777777778,0.0118361587308,1.14117085153
219,Organic Lemongrass Ginger Ramen,"Garlic Pepper Ramen, Asian Vegetable Ramen",0.0558951965066,0.0541484716157,0.0144104803493,0.2578125,4.76121471774,0.0113838408879,1.27441048035
220,"Channa Masala Indian Cuisine, Madras Lentils Indian Cuisine",Indian Cuisine Bengal Lentils,0.0240174672489,0.0323144104803,0.0113537117904,0.472727272727,14.628992629,0.010577601495,1.83526577323
221,"Channa Masala Indian Cuisine, Indian Cuisine Bengal Lentils",Madras Lentils Indian Cuisine,0.0192139737991,0.0458515283843,0.0113537117904,0.590909090909,12.8874458874,0.0104727217254,2.33236293062
222,"Madras Lentils Indian Cuisine, Indian Cuisine Bengal Lentils",Channa Masala Indian Cuisine,0.0183406113537,0.0572052401747,0.0113537117904,0.619047619048,10.8215194475,0.010304532713,2.47483624454
223,Channa Masala Indian Cuisine,"Madras Lentils Indian Cuisine, Indian Cuisine Bengal Lentils",0.0572052401747,0.0183406113537,0.0113537117904,0.198473282443,10.8215194475,0.010304532713,1.22473695155
224,Madras Lentils Indian Cuisine,"Channa Masala Indian Cuisine, Indian Cuisine Bengal Lentils",0.0458515283843,0.0192139737991,0.0113537117904,0.247619047619,12.8874458874,0.0104727217254,1.30357636394
225,Indian Cuisine Bengal Lentils,"Channa Masala Indian Cuisine, Madras Lentils Indian Cuisine",0.0323144104803,0.0240174672489,0.0113537117904,0.351351351351,14.628992629,0.010577601495,1.50463973799
226,Channa Masala Indian Cuisine,Indian Cuisine Bengal Lentils,0.0572052401747,0.0323144104803,0.0192139737991,0.335877862595,10.3940581803,0.0173654201865,1.45708979571
227,Indian Cuisine Bengal Lentils,Channa Masala Indian Cuisine,0.0323144104803,0.0572052401747,0.0192139737991,0.594594594595,10.3940581803,0.0173654201865,2.32556040757
228,Organic Roasted Seaweed Snacks Teriyaki,Organic Sea Salt Roasted Seaweed Snacks,0.0244541484716,0.0484716157205,0.0109170305677,0.446428571429,9.2101029601,0.0097316984802,1.7188899845
229,Organic Sea Salt Roasted Seaweed Snacks,Organic Roasted Seaweed Snacks Teriyaki,0.0484716157205,0.0244541484716,0.0109170305677,0.225225225225,9.2101029601,0.0097316984802,1.25913476186
230,"Mushroom Ramen, Tofu Miso Ramen, Asian Vegetable Ramen",Seaweed Ramen,0.0366812227074,0.061135371179,0.0126637554585,0.345238095238,5.64710884354,0.010421235293,1.4339023422
231,"Mushroom Ramen, Tofu Miso Ramen, Seaweed Ramen",Asian Vegetable Ramen,0.0196506550218,0.0982532751092,0.0126637554585,0.644444444444,6.55901234568,0.0107330142446,2.53616266376
232,"Mushroom Ramen, Asian Vegetable Ramen, Seaweed Ramen",Tofu Miso Ramen,0.02096069869,0.101746724891,0.0126637554585,0.604166666667,5.93794706724,0.0105310730154,2.26927143185
233,"Tofu Miso Ramen, Asian Vegetable Ramen, Seaweed Ramen",Mushroom Ramen,0.0222707423581,0.0864628820961,0.0126637554585,0.56862745098,6.57654981184,0.0107381628878,2.11774513696
234,"Mushroom Ramen, Tofu Miso Ramen","Asian Vegetable Ramen, Seaweed Ramen",0.0545851528384,0.0366812227074,0.0126637554585,0.232,6.32476190476,0.0106615053107,1.2543213246
235,"Mushroom Ramen, Asian Vegetable Ramen","Tofu Miso Ramen, Seaweed Ramen",0.0510917030568,0.0331877729258,0.0126637554585,0.247863247863,7.46851102114,0.0109681356191,1.28542080191
236,"Mushroom Ramen, Seaweed Ramen","Tofu Miso Ramen, Asian Vegetable Ramen",0.0331877729258,0.0620087336245,0.0126637554585,0.381578947368,6.15363232024,0.0106058236876,1.51675183499
237,"Tofu Miso Ramen, Asian Vegetable Ramen","Mushroom Ramen, Seaweed Ramen",0.0620087336245,0.0331877729258,0.0126637554585,0.204225352113,6.15363232024,0.0106058236876,1.21493217916
238,"Tofu Miso Ramen, Seaweed Ramen","Mushroom Ramen, Asian Vegetable Ramen",0.0331877729258,0.0510917030568,0.0126637554585,0.381578947368,7.46851102114,0.0109681356191,1.5344049057
239,"Asian Vegetable Ramen, Seaweed Ramen","Mushroom Ramen, Tofu Miso Ramen",0.0366812227074,0.0545851528384,0.0126637554585,0.345238095238,6.32476190476,0.0106615053107,1.44390631203
240,Mushroom Ramen,"Tofu Miso Ramen, Asian Vegetable Ramen, Seaweed Ramen",0.0864628820961,0.0222707423581,0.0126637554585,0.146464646465,6.57654981184,0.0107381628878,1.1455052841
241,Tofu Miso Ramen,"Mushroom Ramen, Asian Vegetable Ramen, Seaweed Ramen",0.101746724891,0.02096069869,0.0126637554585,0.124463519313,5.93794706724,0.0105310730154,1.11821645689
242,Asian Vegetable Ramen,"Mushroom Ramen, Tofu Miso Ramen, Seaweed Ramen",0.0982532751092,0.0196506550218,0.0126637554585,0.128888888889,6.55901234568,0.0107330142446,1.12540103378
243,Seaweed Ramen,"Mushroom Ramen, Tofu Miso Ramen, Asian Vegetable Ramen",0.061135371179,0.0366812227074,0.0126637554585,0.207142857143,5.64710884354,0.010421235293,1.21499665604
244,"Garlic Pepper Ramen, Asian Vegetable Ramen",Seaweed Ramen,0.0541484716157,0.061135371179,0.0187772925764,0.346774193548,5.67223502304,0.0154669056654,1.43727424659
245,"Garlic Pepper Ramen, Seaweed Ramen",Asian Vegetable Ramen,0.0262008733624,0.0982532751092,0.0187772925764,0.716666666667,7.29407407407,0.0162029709578,3.18263549961
246,"Asian Vegetable Ramen, Seaweed Ramen",Garlic Pepper Ramen,0.0366812227074,0.0842794759825,0.0187772925764,0.511904761905,6.0738958796,0.0156858183482,1.87611034189
247,Garlic Pepper Ramen,"Asian Vegetable Ramen, Seaweed Ramen",0.0842794759825,0.0366812227074,0.0187772925764,0.222797927461,6.0738958796,0.0156858183482,1.23947016012
248,Asian Vegetable Ramen,"Garlic Pepper Ramen, Seaweed Ramen",0.0982532751092,0.0262008733624,0.0187772925764,0.191111111111,7.29407407407,0.0162029709578,1.20387254667
249,Seaweed Ramen,"Garlic Pepper Ramen, Asian Vegetable Ramen",0.061135371179,0.0541484716157,0.0187772925764,0.307142857143,5.67223502304,0.0154669056654,1.36514653581
250,"Mushroom Ramen, Tofu Miso Ramen",Asian Vegetable Ramen,0.0545851528384,0.0982532751092,0.0366812227074,0.672,6.83946666667,0.0313180526687,2.74922781979
251,"Mushroom Ramen, Asian Vegetable Ramen",Tofu Miso Ramen,0.0510917030568,0.101746724891,0.0366812227074,0.717948717949,7.0562341807,0.0314828092523,3.18471615721
252,"Tofu Miso Ramen, Asian Vegetable Ramen",Mushroom Ramen,0.0620087336245,0.0864628820961,0.0366812227074,0.591549295775,6.84165599659,0.0313197688831,2.23659087487
253,Mushroom Ramen,"Tofu Miso Ramen, Asian Vegetable Ramen",0.0864628820961,0.0620087336245,0.0366812227074,0.424242424242,6.84165599659,0.0313197688831,1.62914272581
254,Tofu Miso Ramen,"Mushroom Ramen, Asian Vegetable Ramen",0.101746724891,0.0510917030568,0.0366812227074,0.360515021459,7.0562341807,0.0314828092523,1.48386330999
255,Asian Vegetable Ramen,"Mushroom Ramen, Tofu Miso Ramen",0.0982532751092,0.0545851528384,0.0366812227074,0.373333333333,6.83946666667,0.0313180526687,1.50864071356
256,Tofu Miso Ramen,Asian Vegetable Ramen,0.101746724891,0.0982532751092,0.0620087336245,0.609442060086,6.20276585598,0.0520117846723,2.30886798791
257,Asian Vegetable Ramen,Tofu Miso Ramen,0.0982532751092,0.101746724891,0.0620087336245,0.631111111111,6.20276585598,0.0520117846723,2.43502393855
