,antecedants,consequents,antecedent support,consequent support,support,confidence,lift,leverage,conviction
0,Stage 1 Apples Sweet Potatoes Pumpkin & Blueberries Organic Pureed Baby Food,Organic Stage 2 Peaches & Bananas Baby Food,0.0843247953925,0.0473628372234,0.0172211276144,0.204223769939,4.31189898899,0.0132272660564,1.19711688637
1,Organic Stage 2 Peaches & Bananas Baby Food,Stage 1 Apples Sweet Potatoes Pumpkin & Blueberries Organic Pureed Baby Food,0.0473628372234,0.0843247953925,0.0172211276144,0.3636,4.31189898899,0.0132272660564,1.43883595947
2,"Spinach Peas & Pear Stage 2 Baby Food, Apple and Carrot Stage 2 Baby Food",Baby Food Stage 2 Blueberry Pear & Purple Carrot,0.0224878751137,0.126837678084,0.0110450136405,0.491154170177,3.87230496171,0.00819270377603,1.71596635118
3,"Spinach Peas & Pear Stage 2 Baby Food, Baby Food Stage 2 Blueberry Pear & Purple Carrot",Apple and Carrot Stage 2 Baby Food,0.0442937253713,0.0642618975447,0.0110450136405,0.249358426005,3.88034644996,0.00819861479881,1.24658443507
4,"Apple and Carrot Stage 2 Baby Food, Baby Food Stage 2 Blueberry Pear & Purple Carrot",Spinach Peas & Pear Stage 2 Baby Food,0.0263147923613,0.117706123068,0.0110450136405,0.419726421886,3.56588434779,0.00794760145232,1.5204791502
5,Spinach Peas & Pear Stage 2 Baby Food,"Apple and Carrot Stage 2 Baby Food, Baby Food Stage 2 Blueberry Pear & Purple Carrot",0.117706123068,0.0263147923613,0.0110450136405,0.0938355061967,3.56588434779,0.00794760145232,1.07451264566
6,Apple and Carrot Stage 2 Baby Food,"Spinach Peas & Pear Stage 2 Baby Food, Baby Food Stage 2 Blueberry Pear & Purple Carrot",0.0642618975447,0.0442937253713,0.0110450136405,0.171875,3.88034644996,0.00819861479881,1.1540604071
7,Baby Food Stage 2 Blueberry Pear & Purple Carrot,"Spinach Peas & Pear Stage 2 Baby Food, Apple and Carrot Stage 2 Baby Food",0.126837678084,0.0224878751137,0.0110450136405,0.0870799103809,3.87230496171,0.00819270377603,1.07075321926
8,Pumpkin & Spinach Stage 2 Baby Food,Squash & Sweet Peas Stage 2,0.0334760533495,0.0400310700212,0.0128069111852,0.382569326542,9.55680990639,0.0114668289495,1.55478010932
9,Squash & Sweet Peas Stage 2,Pumpkin & Spinach Stage 2 Baby Food,0.0400310700212,0.0334760533495,0.0128069111852,0.319924278277,9.55680990639,0.0114668289495,1.42120048662
10,"Apples, Guavas & Beets Organic Baby Food","Apples, Kale & Avocados Organic Baby Food",0.0274893907245,0.0432517429524,0.0106661109427,0.388008270159,8.97092795972,0.00947714688118,1.56333527137
11,"Apples, Kale & Avocados Organic Baby Food","Apples, Guavas & Beets Organic Baby Food",0.0432517429524,0.0274893907245,0.0106661109427,0.246605343846,8.97092795972,0.00947714688118,1.29083820987
12,"Spinach Peas & Pear Stage 2 Baby Food, Baby Food Stage 2 Pumpkin Banana",Broccoli & Apple Stage 2 Baby Food,0.0245907850864,0.0955782055168,0.010438769324,0.424499229584,4.44138103753,0.00808842621323,1.57153880755
13,"Spinach Peas & Pear Stage 2 Baby Food, Broccoli & Apple Stage 2 Baby Food",Baby Food Stage 2 Pumpkin Banana,0.0404289178539,0.0714231585329,0.010438769324,0.258200562324,3.61508182539,0.00755120831485,1.25178962709
14,"Baby Food Stage 2 Pumpkin Banana, Broccoli & Apple Stage 2 Baby Food",Spinach Peas & Pear Stage 2 Baby Food,0.0198734464989,0.117706123068,0.010438769324,0.525262154433,4.46248793813,0.00809954298466,1.8584864998
15,Spinach Peas & Pear Stage 2 Baby Food,"Baby Food Stage 2 Pumpkin Banana, Broccoli & Apple Stage 2 Baby Food",0.117706123068,0.0198734464989,0.010438769324,0.0886850152905,4.46248793813,0.00809954298466,1.07550799663
16,Baby Food Stage 2 Pumpkin Banana,"Spinach Peas & Pear Stage 2 Baby Food, Broccoli & Apple Stage 2 Baby Food",0.0714231585329,0.0404289178539,0.010438769324,0.146153846154,3.61508182539,0.00755120831485,1.1238219881
17,Broccoli & Apple Stage 2 Baby Food,"Spinach Peas & Pear Stage 2 Baby Food, Baby Food Stage 2 Pumpkin Banana",0.0955782055168,0.0245907850864,0.010438769324,0.109217046581,4.44138103753,0.00808842621323,1.09500211154
18,Organic Apple & Butternut Squash Baby Food,Organic Stage 4 Green Bean Pear & Pea Baby Food,0.0326614125493,0.0580857835708,0.0119354349803,0.365429234339,6.29119918635,0.0100382712398,1.4843328237
19,Organic Stage 4 Green Bean Pear & Pea Baby Food,Organic Apple & Butternut Squash Baby Food,0.0580857835708,0.0326614125493,0.0119354349803,0.205479452055,6.29119918635,0.0100382712398,1.21751236007
20,Stage 2 Sweet Potato Corn & Apple Baby Food,"Peach,  Apricot & Banana Stage 2 Baby Food",0.0474765080327,0.0766520157624,0.0120680509245,0.254189944134,3.31615472347,0.00842888088246,1.23804710995
21,"Peach,  Apricot & Banana Stage 2 Baby Food",Stage 2 Sweet Potato Corn & Apple Baby Food,0.0766520157624,0.0474765080327,0.0120680509245,0.157439446367,3.31615472347,0.00842888088246,1.13051042784
22,Organic Stage 3 Pear Carrot Apricot Baby Food,Baby Food Stage 2 Blueberry Pear & Purple Carrot,0.0456009396787,0.126837678084,0.0101735374356,0.223099293727,1.75893549217,0.00438962012828,1.12390465714
23,Baby Food Stage 2 Blueberry Pear & Purple Carrot,Organic Stage 3 Pear Carrot Apricot Baby Food,0.126837678084,0.0456009396787,0.0101735374356,0.0802091112771,1.75893549217,0.00438962012828,1.03762613005
24,"Pears, Kale & Spinach Organic Baby Food","Apples, Pumpkin & Carrots Organic Baby Food",0.035616853592,0.0292133979994,0.0109313428312,0.306914893617,10.505963518,0.00989085351169,1.40067445262
25,"Apples, Pumpkin & Carrots Organic Baby Food","Pears, Kale & Spinach Organic Baby Food",0.0292133979994,0.035616853592,0.0109313428312,0.374189364462,10.505963518,0.00989085351169,1.54101431271
26,Spinach Peas & Pear Stage 2 Baby Food,"Peach,  Apricot & Banana Stage 2 Baby Food",0.117706123068,0.0766520157624,0.0210290997272,0.178657653308,2.33076262288,0.0120066881265,1.12419381267
27,"Peach,  Apricot & Banana Stage 2 Baby Food",Spinach Peas & Pear Stage 2 Baby Food,0.0766520157624,0.117706123068,0.0210290997272,0.27434503213,2.33076262288,0.0120066881265,1.21585866011
28,"Apples, Kale & Avocados Organic Baby Food","Bananas, Raspberries & Oats Organic Baby Food",0.0432517429524,0.0300848742043,0.0105524401334,0.243977222952,8.10963081632,0.00925121688753,1.28291786338
29,"Bananas, Raspberries & Oats Organic Baby Food","Apples, Kale & Avocados Organic Baby Food",0.0300848742043,0.0432517429524,0.0105524401334,0.350755667506,8.10963081632,0.00925121688753,1.47363359087
30,"Apples, Kale & Avocados Organic Baby Food","Pears, Kale & Spinach Organic Baby Food",0.0432517429524,0.035616853592,0.0152697787208,0.353044240035,9.91228040745,0.0137292877245,1.49064774763
31,"Pears, Kale & Spinach Organic Baby Food","Apples, Kale & Avocados Organic Baby Food",0.035616853592,0.0432517429524,0.0152697787208,0.428723404255,9.91228040745,0.0137292877245,1.67475486336
32,Mighty 4 Purple Carrot Blackberry Quinoa & Greek Yogurt Tots Snack,"Mighty 4 Kale, Strawberry, Amaranth & Greek Yogurt Tots Snack",0.0297059715065,0.0343475295544,0.0135457714459,0.455994897959,13.2759154406,0.0125254447116,1.77507980499
33,"Mighty 4 Kale, Strawberry, Amaranth & Greek Yogurt Tots Snack",Mighty 4 Purple Carrot Blackberry Quinoa & Greek Yogurt Tots Snack,0.0343475295544,0.0297059715065,0.0135457714459,0.394373965803,13.2759154406,0.0125254447116,1.60213394687
34,Organic Mixed Berry Yogurt & Fruit Snack,Banana & Mango Organic Yogurt & Fruit Snacks,0.0559828735981,0.0341959684753,0.0144361927857,0.257868020305,7.54088952009,0.012521804205,1.30139120527
35,Banana & Mango Organic Yogurt & Fruit Snacks,Organic Mixed Berry Yogurt & Fruit Snack,0.0341959684753,0.0559828735981,0.0144361927857,0.42216066482,7.54088952009,0.012521804205,1.6337017384
36,Stage 1 Apples & Strawberries Organic Pureed Baby Food,Organic Stage 2 Peaches & Bananas Baby Food,0.0453925431949,0.0473628372234,0.0168043346469,0.37020033389,7.81626176962,0.0146544150124,1.51260347383
37,Organic Stage 2 Peaches & Bananas Baby Food,Stage 1 Apples & Strawberries Organic Pureed Baby Food,0.0473628372234,0.0453925431949,0.0168043346469,0.3548,7.81626176962,0.0146544150124,1.47955278488
38,"Peach,  Apricot & Banana Stage 2 Baby Food",Pear & Mango Stage 2 Baby Food,0.0766520157624,0.0596582297666,0.0207070324341,0.270143351458,4.52818249075,0.0161341088656,1.28839241529
39,Pear & Mango Stage 2 Baby Food,"Peach,  Apricot & Banana Stage 2 Baby Food",0.0596582297666,0.0766520157624,0.0207070324341,0.347094315656,4.52818249075,0.0161341088656,1.41421342527
40,"Mighty 4 Essential Tots Spinach, Kiwi, Barley & Greek Yogurt Nutrition Blend","Mighty 4 Kale, Strawberry, Amaranth & Greek Yogurt Tots Snack",0.0222794786299,0.0343475295544,0.0116891482267,0.524659863946,15.2750393042,0.010923903176,2.03149786269
41,"Mighty 4 Kale, Strawberry, Amaranth & Greek Yogurt Tots Snack","Mighty 4 Essential Tots Spinach, Kiwi, Barley & Greek Yogurt Nutrition Blend",0.0343475295544,0.0222794786299,0.0116891482267,0.340319911748,15.2750393042,0.010923903176,1.48211313147
42,"Apples, Kale & Avocados Organic Baby Food","Apples, Pumpkin & Carrots Organic Baby Food",0.0432517429524,0.0292133979994,0.0126553501061,0.292597459483,10.0158653057,0.0113918197251,1.37232558041
43,"Apples, Pumpkin & Carrots Organic Baby Food","Apples, Kale & Avocados Organic Baby Food",0.0292133979994,0.0432517429524,0.0126553501061,0.433203631647,10.0158653057,0.0113918197251,1.68799292033
44,Organic Stage 4 Green Bean Pear & Pea Baby Food,Organic Stage 4 Spinach Mango & Pear Baby Food,0.0580857835708,0.0570627462868,0.016955895726,0.291911285062,5.11561927978,0.0136413613952,1.33166541681
45,Organic Stage 4 Spinach Mango & Pear Baby Food,Organic Stage 4 Green Bean Pear & Pea Baby Food,0.0570627462868,0.0580857835708,0.016955895726,0.297144754316,5.11561927978,0.0136413613952,1.34012546995
46,"Organic Pears, Peas and Broccoli Puree Stage 1",Organic 4 Months Butternut Squash Carrots Apples + Prunes Baby Food,0.0714231585329,0.0529705971507,0.0229615034859,0.321485411141,6.0691294498,0.019178176128,1.39573919028
47,Organic 4 Months Butternut Squash Carrots Apples + Prunes Baby Food,"Organic Pears, Peas and Broccoli Puree Stage 1",0.0529705971507,0.0714231585329,0.0229615034859,0.43347639485,6.0691294498,0.019178176128,1.63907881865
48,"Organic Pears, Peas and Broccoli Puree Stage 1",Stage 1 Apples & Strawberries Organic Pureed Baby Food,0.0714231585329,0.0453925431949,0.0143983025159,0.201591511936,4.44107110436,0.0111562237071,1.19563791102
49,Stage 1 Apples & Strawberries Organic Pureed Baby Food,"Organic Pears, Peas and Broccoli Puree Stage 1",0.0453925431949,0.0714231585329,0.0143983025159,0.317195325543,4.44107110436,0.0111562237071,1.35994505633
50,"Sweeet Potato, Apple, Carrot & Cinnamon Organic Superfoods",Organic Stage 4 Spinach Mango & Pear Baby Food,0.0543535919976,0.0570627462868,0.0159139133071,0.292784942489,5.13092974911,0.0128123480771,1.33331048837
51,Organic Stage 4 Spinach Mango & Pear Baby Food,"Sweeet Potato, Apple, Carrot & Cinnamon Organic Superfoods",0.0570627462868,0.0543535919976,0.0159139133071,0.278884462151,5.13092974911,0.0128123480771,1.31136601331
52,"Organic Pears, Peas and Broccoli Puree Stage 1","Organic Apples, Carrots and Parsnips Puree",0.0714231585329,0.0417361321613,0.0190398605638,0.266578249337,6.38722937494,0.0160589341799,1.30656592468
53,"Organic Apples, Carrots and Parsnips Puree","Organic Pears, Peas and Broccoli Puree Stage 1",0.0417361321613,0.0714231585329,0.0190398605638,0.456196096232,6.38722937494,0.0160589341799,1.70755824854
54,Baby Food Stage 2 Blueberry Pear & Purple Carrot,Stage 1 Apples Sweet Potatoes Pumpkin & Blueberries Organic Pureed Baby Food,0.126837678084,0.0843247953925,0.0112723552592,0.0888722927558,1.05392835336,0.000576794006648,1.00499106473
55,Stage 1 Apples Sweet Potatoes Pumpkin & Blueberries Organic Pureed Baby Food,Baby Food Stage 2 Blueberry Pear & Purple Carrot,0.0843247953925,0.126837678084,0.0112723552592,0.133677825208,1.05392835336,0.000576794006648,1.00789561588
56,Spinach Peas & Pear Stage 2 Baby Food,Stage 2 Sweet Potato Corn & Apple Baby Food,0.117706123068,0.0474765080327,0.0170506214004,0.144857556736,3.05114176965,0.0114623457031,1.11387699145
57,Stage 2 Sweet Potato Corn & Apple Baby Food,Spinach Peas & Pear Stage 2 Baby Food,0.0474765080327,0.117706123068,0.0170506214004,0.359138068635,3.05114176965,0.0114623457031,1.37673004707
58,Organic Strawberry Banana Fruit Yogurt Smoothie,Organic Pear Mango Fruit Yogurt Smoothie,0.0382502273416,0.0179978781449,0.0105524401334,0.275879148093,15.3284262663,0.00986401720266,1.35613015323
59,Organic Pear Mango Fruit Yogurt Smoothie,Organic Strawberry Banana Fruit Yogurt Smoothie,0.0179978781449,0.0382502273416,0.0105524401334,0.586315789474,15.3284262663,0.00986401720266,2.32484041737
60,Spinach Peas & Pear Stage 2 Baby Food,Apple and Carrot Stage 2 Baby Food,0.117706123068,0.0642618975447,0.0224878751137,0.191051022051,2.97300623464,0.0149238562927,1.15673315371
61,Apple and Carrot Stage 2 Baby Food,Spinach Peas & Pear Stage 2 Baby Food,0.0642618975447,0.117706123068,0.0224878751137,0.349941037736,2.97300623464,0.0149238562927,1.35725207735
62,Apple and Carrot Stage 2 Baby Food,Stage 2 Sweet Potato Corn & Apple Baby Food,0.0642618975447,0.0474765080327,0.0125606244316,0.19545990566,4.11698150853,0.00950969393667,1.18393539199
63,Stage 2 Sweet Potato Corn & Apple Baby Food,Apple and Carrot Stage 2 Baby Food,0.0474765080327,0.0642618975447,0.0125606244316,0.264565043895,4.11698150853,0.00950969393667,1.2723601111
64,Apple Blueberry Fruit Yogurt Smoothie,Organic Fruit Yogurt Smoothie Mixed Berry,0.0194755986663,0.0220710821461,0.0110260685056,0.566147859922,25.6511147108,0.0105962209676,2.25406037568
65,Organic Fruit Yogurt Smoothie Mixed Berry,Apple Blueberry Fruit Yogurt Smoothie,0.0220710821461,0.0194755986663,0.0110260685056,0.499570815451,25.6511147108,0.0105962209676,1.95936694263
66,Spinach Peas & Pear Stage 2 Baby Food,Pear & Mango Stage 2 Baby Food,0.117706123068,0.0596582297666,0.0170695665353,0.145018509577,2.43082153366,0.0100474276004,1.09983874595
67,Pear & Mango Stage 2 Baby Food,Spinach Peas & Pear Stage 2 Baby Food,0.0596582297666,0.117706123068,0.0170695665353,0.286122578596,2.43082153366,0.0100474276004,1.23591789077
68,"Mighty 4 Sweet Potato, Blueberry, Millet & Greek Yogurt Tots Snack","Mighty 4 Essential Tots Spinach, Kiwi, Barley & Greek Yogurt Nutrition Blend",0.0391217035465,0.0222794786299,0.0121059411943,0.309443099274,13.8891535307,0.0112343300362,1.415843532
69,"Mighty 4 Essential Tots Spinach, Kiwi, Barley & Greek Yogurt Nutrition Blend","Mighty 4 Sweet Potato, Blueberry, Millet & Greek Yogurt Tots Snack",0.0222794786299,0.0391217035465,0.0121059411943,0.543367346939,13.8891535307,0.0112343300362,2.10426978888
70,Organic 4 Months Butternut Squash Carrots Apples + Prunes Baby Food,Organic Stage 2 Peaches & Bananas Baby Food,0.0529705971507,0.0473628372234,0.0109502879661,0.206723891273,4.36468555079,0.00844145019558,1.20088976877
71,Organic Stage 2 Peaches & Bananas Baby Food,Organic 4 Months Butternut Squash Carrots Apples + Prunes Baby Food,0.0473628372234,0.0529705971507,0.0109502879661,0.2312,4.36468555079,0.00844145019558,1.23182804741
72,Stage 1 Apples & Strawberries Organic Pureed Baby Food,Stage 1 Apples Sweet Potatoes Pumpkin & Blueberries Organic Pureed Baby Food,0.0453925431949,0.0843247953925,0.0194755986663,0.429048414023,5.08804571687,0.015647881749,1.6037703145
73,Stage 1 Apples Sweet Potatoes Pumpkin & Blueberries Organic Pureed Baby Food,Stage 1 Apples & Strawberries Organic Pureed Baby Food,0.0843247953925,0.0453925431949,0.0194755986663,0.230959334981,5.08804571687,0.015647881749,1.24129646224
74,"Apple and Carrot Stage 2 Baby Food, Baby Food Stage 2 Blueberry Pear & Purple Carrot",Broccoli & Apple Stage 2 Baby Food,0.0263147923613,0.0955782055168,0.0104198241891,0.395968322534,4.14287253452,0.00790470355671,1.49730854891
75,"Apple and Carrot Stage 2 Baby Food, Broccoli & Apple Stage 2 Baby Food",Baby Food Stage 2 Blueberry Pear & Purple Carrot,0.0219763564717,0.126837678084,0.0104198241891,0.474137931034,3.73814735649,0.00763239416153,1.66043982528
76,"Baby Food Stage 2 Blueberry Pear & Purple Carrot, Broccoli & Apple Stage 2 Baby Food",Apple and Carrot Stage 2 Baby Food,0.0354084571082,0.0642618975447,0.0104198241891,0.294275013376,4.57930787324,0.00814440954624,1.32592457429
77,Apple and Carrot Stage 2 Baby Food,"Baby Food Stage 2 Blueberry Pear & Purple Carrot, Broccoli & Apple Stage 2 Baby Food",0.0642618975447,0.0354084571082,0.0104198241891,0.162146226415,4.57930787324,0.00814440954624,1.15126478307
78,Baby Food Stage 2 Blueberry Pear & Purple Carrot,"Apple and Carrot Stage 2 Baby Food, Broccoli & Apple Stage 2 Baby Food",0.126837678084,0.0219763564717,0.0104198241891,0.0821508588499,3.73814735649,0.00763239416153,1.06556034067
79,Broccoli & Apple Stage 2 Baby Food,"Apple and Carrot Stage 2 Baby Food, Baby Food Stage 2 Blueberry Pear & Purple Carrot",0.0955782055168,0.0263147923613,0.0104198241891,0.109018830525,4.14287253452,0.00790470355671,1.0928235534
80,Organic Fiber & Protein Pear Blueberry & Spinach Baby Food,"Fiber & Protein Organic Pears, Raspberries, Butternut Squash & Carrots Snack",0.0446536829342,0.0355789633222,0.0192672021825,0.4314806958,12.1274105682,0.0176784704352,1.69637342048
81,"Fiber & Protein Organic Pears, Raspberries, Butternut Squash & Carrots Snack",Organic Fiber & Protein Pear Blueberry & Spinach Baby Food,0.0355789633222,0.0446536829342,0.0192672021825,0.541533546326,12.1274105682,0.0176784704352,2.08378674036
82,"Spinach Peas & Pear Stage 2 Baby Food, Apple and Carrot Stage 2 Baby Food",Broccoli & Apple Stage 2 Baby Food,0.0224878751137,0.0955782055168,0.0102303728403,0.454928390901,4.75975028451,0.008081022091,1.65927151476
83,"Spinach Peas & Pear Stage 2 Baby Food, Broccoli & Apple Stage 2 Baby Food",Apple and Carrot Stage 2 Baby Food,0.0404289178539,0.0642618975447,0.0102303728403,0.253045923149,3.9377287758,0.00763233386328,1.25273846339
84,"Apple and Carrot Stage 2 Baby Food, Broccoli & Apple Stage 2 Baby Food",Spinach Peas & Pear Stage 2 Baby Food,0.0219763564717,0.117706123068,0.0102303728403,0.465517241379,3.95491100418,0.00764362112082,1.65074338265
85,Spinach Peas & Pear Stage 2 Baby Food,"Apple and Carrot Stage 2 Baby Food, Broccoli & Apple Stage 2 Baby Food",0.117706123068,0.0219763564717,0.0102303728403,0.0869145340415,3.95491100418,0.00764362112082,1.07111949537
86,Apple and Carrot Stage 2 Baby Food,"Spinach Peas & Pear Stage 2 Baby Food, Broccoli & Apple Stage 2 Baby Food",0.0642618975447,0.0404289178539,0.0102303728403,0.159198113208,3.9377287758,0.00763233386328,1.14125705142
87,Broccoli & Apple Stage 2 Baby Food,"Spinach Peas & Pear Stage 2 Baby Food, Apple and Carrot Stage 2 Baby Food",0.0955782055168,0.0224878751137,0.0102303728403,0.10703666997,4.75975028451,0.008081022091,1.09468338958
88,Apple and Carrot Stage 2 Baby Food,"Peach,  Apricot & Banana Stage 2 Baby Food",0.0642618975447,0.0766520157624,0.01627387087,0.253242924528,3.30379993285,0.0113480668864,1.23647704798
89,"Peach,  Apricot & Banana Stage 2 Baby Food",Apple and Carrot Stage 2 Baby Food,0.0766520157624,0.0642618975447,0.01627387087,0.212308452793,3.30379993285,0.0113480668864,1.1879499098
90,"Happy Baby Spinach, Mango, and Pear Baby Food",Baby Food Stage 2 Blueberry Pear & Purple Carrot,0.0581236738406,0.126837678084,0.0129016368597,0.221968709257,1.75002185951,0.00552936502799,1.12227147199
91,Baby Food Stage 2 Blueberry Pear & Purple Carrot,"Happy Baby Spinach, Mango, and Pear Baby Food",0.126837678084,0.0581236738406,0.0129016368597,0.101717699776,1.75002185951,0.00552936502799,1.0485304296
92,Apple and Carrot Stage 2 Baby Food,Baby Food Stage 2 Blueberry Pear & Purple Carrot,0.0642618975447,0.126837678084,0.0263147923613,0.409492924528,3.22848013866,0.0181639624875,1.47866530002
93,Baby Food Stage 2 Blueberry Pear & Purple Carrot,Apple and Carrot Stage 2 Baby Food,0.126837678084,0.0642618975447,0.0263147923613,0.207468259895,3.22848013866,0.0181639624875,1.18069479758
94,Organic Strawberry Yogurt & Fruit Snack,Banana & Mango Organic Yogurt & Fruit Snacks,0.0460366777811,0.0341959684753,0.0138488936041,0.300823045267,8.79703247723,0.012274624822,1.38134420047
95,Banana & Mango Organic Yogurt & Fruit Snacks,Organic Strawberry Yogurt & Fruit Snack,0.0341959684753,0.0460366777811,0.0138488936041,0.404986149584,8.79703247723,0.012274624822,1.60326238045
96,"Organic Pears, Peas and Broccoli Puree Stage 1, Organic Apples, Carrots and Parsnips Puree",Stage 1 Apples Sweet Potatoes Pumpkin & Blueberries Organic Pureed Baby Food,0.0190398605638,0.0843247953925,0.0134131555017,0.70447761194,8.35433526593,0.0118076231553,3.09849690448
97,"Organic Pears, Peas and Broccoli Puree Stage 1, Stage 1 Apples Sweet Potatoes Pumpkin & Blueberries Organic Pureed Baby Food","Organic Apples, Carrots and Parsnips Puree",0.0333055471355,0.0417361321613,0.0134131555017,0.402730375427,9.64944173242,0.0120231107847,1.60440750444
98,"Organic Apples, Carrots and Parsnips Puree, Stage 1 Apples Sweet Potatoes Pumpkin & Blueberries Organic Pureed Baby Food","Organic Pears, Peas and Broccoli Puree Stage 1",0.0247423461655,0.0714231585329,0.0134131555017,0.542113323124,7.59016171029,0.011645978989,2.02796213203
99,"Organic Pears, Peas and Broccoli Puree Stage 1","Organic Apples, Carrots and Parsnips Puree, Stage 1 Apples Sweet Potatoes Pumpkin & Blueberries Organic Pureed Baby Food",0.0714231585329,0.0247423461655,0.0134131555017,0.187798408488,7.59016171029,0.011645978989,1.20075811723
100,"Organic Apples, Carrots and Parsnips Puree","Organic Pears, Peas and Broccoli Puree Stage 1, Stage 1 Apples Sweet Potatoes Pumpkin & Blueberries Organic Pureed Baby Food",0.0417361321613,0.0333055471355,0.0134131555017,0.32137993645,9.64944173242,0.0120231107847,1.42450025395
101,Stage 1 Apples Sweet Potatoes Pumpkin & Blueberries Organic Pureed Baby Food,"Organic Pears, Peas and Broccoli Puree Stage 1, Organic Apples, Carrots and Parsnips Puree",0.0843247953925,0.0190398605638,0.0134131555017,0.159065378567,8.35433526593,0.0118076231553,1.16651177682
102,"Organic Apples, Carrots and Parsnips Puree",Organic 4 Months Butternut Squash Carrots Apples + Prunes Baby Food,0.0417361321613,0.0529705971507,0.0160844195211,0.385383567862,7.27542426539,0.0138736316777,1.54084621453
103,Organic 4 Months Butternut Squash Carrots Apples + Prunes Baby Food,"Organic Apples, Carrots and Parsnips Puree",0.0529705971507,0.0417361321613,0.0160844195211,0.30364806867,7.27542426539,0.0138736316777,1.37612006907
104,Organic Fruit Yogurt Smoothie Peach Banana,Organic Strawberry Banana Fruit Yogurt Smoothie,0.017467414368,0.0382502273416,0.0108176720218,0.619305856833,16.1909065612,0.0101495394512,2.52630567063
105,Organic Strawberry Banana Fruit Yogurt Smoothie,Organic Fruit Yogurt Smoothie Peach Banana,0.0382502273416,0.017467414368,0.0108176720218,0.282813273898,16.1909065612,0.0101495394512,1.36998155414
106,"Spinach Peas & Pear Stage 2 Baby Food, Baby Food Stage 2 Pumpkin Banana",Baby Food Stage 2 Blueberry Pear & Purple Carrot,0.0245907850864,0.126837678084,0.012333282813,0.501540832049,3.95419436578,0.00921424473035,1.7517228653
107,"Spinach Peas & Pear Stage 2 Baby Food, Baby Food Stage 2 Blueberry Pear & Purple Carrot",Baby Food Stage 2 Pumpkin Banana,0.0442937253713,0.0714231585329,0.012333282813,0.278443113772,3.89849902317,0.00916968504377,1.28690732386
108,"Baby Food Stage 2 Pumpkin Banana, Baby Food Stage 2 Blueberry Pear & Purple Carrot",Spinach Peas & Pear Stage 2 Baby Food,0.0278872385571,0.117706123068,0.012333282813,0.442255434783,3.75728486553,0.00905078407935,1.58189596449
109,Spinach Peas & Pear Stage 2 Baby Food,"Baby Food Stage 2 Pumpkin Banana, Baby Food Stage 2 Blueberry Pear & Purple Carrot",0.117706123068,0.0278872385571,0.012333282813,0.104780299372,3.75728486553,0.00905078407935,1.08589294981
110,Baby Food Stage 2 Pumpkin Banana,"Spinach Peas & Pear Stage 2 Baby Food, Baby Food Stage 2 Blueberry Pear & Purple Carrot",0.0714231585329,0.0442937253713,0.012333282813,0.172679045093,3.89849902317,0.00916968504377,1.15518199915
111,Baby Food Stage 2 Blueberry Pear & Purple Carrot,"Spinach Peas & Pear Stage 2 Baby Food, Baby Food Stage 2 Pumpkin Banana",0.126837678084,0.0245907850864,0.012333282813,0.0972367438387,3.95419436578,0.00921424473035,1.0804706641
112,Organic Stage 2 Carrots Baby Food,Organic Stage 2 Winter Squash Baby Food Puree,0.0356736889967,0.022431039709,0.0103250985147,0.289431757833,12.9031806634,0.00952490058025,1.37575661601
113,Organic Stage 2 Winter Squash Baby Food Puree,Organic Stage 2 Carrots Baby Food,0.022431039709,0.0356736889967,0.0103250985147,0.460304054054,12.9031806634,0.00952490058025,1.78679554339
114,Baby Food Stage 2 Pumpkin Banana,Pear & Mango Stage 2 Baby Food,0.0714231585329,0.0596582297666,0.0148340406184,0.207692307692,3.48136893275,0.010573061416,1.18683912748
115,Pear & Mango Stage 2 Baby Food,Baby Food Stage 2 Pumpkin Banana,0.0596582297666,0.0714231585329,0.0148340406184,0.248650365195,3.48136893275,0.010573061416,1.23587847582
116,"Apples, Guavas & Beets Organic Baby Food","Apples, Pumpkin & Carrots Organic Baby Food",0.0274893907245,0.0292133979994,0.0108555622916,0.394900068918,13.5177725277,0.0100525037796,1.60434095615
117,"Apples, Pumpkin & Carrots Organic Baby Food","Apples, Guavas & Beets Organic Baby Food",0.0292133979994,0.0274893907245,0.0108555622916,0.371595330739,13.5177725277,0.0100525037796,1.54758654231
118,Baby Food Stage 2 Pumpkin Banana,Stage 2 Sweet Potato Corn & Apple Baby Food,0.0714231585329,0.0474765080327,0.0147961503486,0.207161803714,4.36345915691,0.0114052281888,1.20140969044
119,Stage 2 Sweet Potato Corn & Apple Baby Food,Baby Food Stage 2 Pumpkin Banana,0.0474765080327,0.0714231585329,0.0147961503486,0.311652035116,4.36345915691,0.0114052281888,1.34899337085
120,Pear Kiwi & Kale Baby Food,"Fiber & Protein Organic Pears, Raspberries, Butternut Squash & Carrots Snack",0.0286639890876,0.0355789633222,0.0125227341619,0.436880370126,12.2791764945,0.0115028991455,1.7126397048
121,"Fiber & Protein Organic Pears, Raspberries, Butternut Squash & Carrots Snack",Pear Kiwi & Kale Baby Food,0.0355789633222,0.0286639890876,0.0125227341619,0.351970181044,12.2791764945,0.0115028991455,1.49890635045
122,Vegetable Turkey Dinner Stage 2,Sweet Potato & Chicken Dinner,0.028417702334,0.023454076993,0.0100788117611,0.354666666667,15.1217490576,0.00941230078263,1.51324264929
123,Sweet Potato & Chicken Dinner,Vegetable Turkey Dinner Stage 2,0.023454076993,0.028417702334,0.0100788117611,0.429725363489,15.1217490576,0.00941230078263,1.70370946815
124,Organic Strawberry Yogurt & Fruit Snack,Organic Mixed Berry Yogurt & Fruit Snack,0.0460366777811,0.0559828735981,0.0189261897545,0.411111111111,7.34351569844,0.0163489242414,1.60304795049
125,Organic Mixed Berry Yogurt & Fruit Snack,Organic Strawberry Yogurt & Fruit Snack,0.0559828735981,0.0460366777811,0.0189261897545,0.33807106599,7.34351569844,0.0163489242414,1.44118692084
126,Organic Fiber & Protein Pear Blueberry & Spinach Baby Food,Organic Stage 4 Green Bean Pear & Pea Baby Food,0.0446536829342,0.0580857835708,0.0124848438921,0.279592702588,4.81344462277,0.00989109972953,1.30747456309
127,Organic Stage 4 Green Bean Pear & Pea Baby Food,Organic Fiber & Protein Pear Blueberry & Spinach Baby Food,0.0580857835708,0.0446536829342,0.0124848438921,0.214938030007,4.81344462277,0.00989109972953,1.21690561202
128,"Spinach Peas & Pear Stage 2 Baby Food, Baby Food Stage 2 Blueberry Pear & Purple Carrot",Broccoli & Apple Stage 2 Baby Food,0.0442937253713,0.0955782055168,0.016785389512,0.378956372968,3.96488269391,0.0125518747253,1.45629349552
129,"Spinach Peas & Pear Stage 2 Baby Food, Broccoli & Apple Stage 2 Baby Food",Baby Food Stage 2 Blueberry Pear & Purple Carrot,0.0404289178539,0.126837678084,0.016785389512,0.415182755389,3.27333929208,0.0116574794439,1.49305159853
130,"Baby Food Stage 2 Blueberry Pear & Purple Carrot, Broccoli & Apple Stage 2 Baby Food",Spinach Peas & Pear Stage 2 Baby Food,0.0354084571082,0.117706123068,0.016785389512,0.474050294275,4.02740555819,0.012617597302,1.67752518412
131,Spinach Peas & Pear Stage 2 Baby Food,"Baby Food Stage 2 Blueberry Pear & Purple Carrot, Broccoli & Apple Stage 2 Baby Food",0.117706123068,0.0354084571082,0.016785389512,0.142604216964,4.02740555819,0.012617597302,1.12502482748
132,Baby Food Stage 2 Blueberry Pear & Purple Carrot,"Spinach Peas & Pear Stage 2 Baby Food, Broccoli & Apple Stage 2 Baby Food",0.126837678084,0.0404289178539,0.016785389512,0.132337565347,3.27333929208,0.0116574794439,1.10592673351
133,Broccoli & Apple Stage 2 Baby Food,"Spinach Peas & Pear Stage 2 Baby Food, Baby Food Stage 2 Blueberry Pear & Purple Carrot",0.0955782055168,0.0442937253713,0.016785389512,0.175619425173,3.96488269391,0.0125518747253,1.1593022735
134,Spinach Peas & Pear Stage 2 Baby Food,Baby Food Stage 2 Pumpkin Banana,0.117706123068,0.0714231585329,0.0245907850864,0.208916787381,2.92505668571,0.0161838419982,1.17380425555
135,Baby Food Stage 2 Pumpkin Banana,Spinach Peas & Pear Stage 2 Baby Food,0.0714231585329,0.117706123068,0.0245907850864,0.344297082228,2.92505668571,0.0161838419982,1.34556954532
136,"Mighty 4 Sweet Potato, Blueberry, Millet & Greek Yogurt Tots Snack","Mighty 4 Kale, Strawberry, Amaranth & Greek Yogurt Tots Snack",0.0391217035465,0.0343475295544,0.0204796908154,0.523486682809,15.2408831028,0.0191359569466,2.02649629214
137,"Mighty 4 Kale, Strawberry, Amaranth & Greek Yogurt Tots Snack","Mighty 4 Sweet Potato, Blueberry, Millet & Greek Yogurt Tots Snack",0.0343475295544,0.0391217035465,0.0204796908154,0.596249310535,15.2408831028,0.0191359569466,2.37988026157
138,"Peach,  Apricot & Banana Stage 2 Baby Food",Baby Food Stage 2 Blueberry Pear & Purple Carrot,0.0766520157624,0.126837678084,0.0300848742043,0.392486406327,3.09439917425,0.0203625105045,1.43727207261
139,Baby Food Stage 2 Blueberry Pear & Purple Carrot,"Peach,  Apricot & Banana Stage 2 Baby Food",0.126837678084,0.0766520157624,0.0300848742043,0.237191934279,3.09439917425,0.0203625105045,1.21045912561
140,Apple and Carrot Stage 2 Baby Food,Baby Food Stage 2 Pumpkin Banana,0.0642618975447,0.0714231585329,0.0205175810852,0.319280660377,4.4702680046,0.0159277933892,1.36411115039
141,Baby Food Stage 2 Pumpkin Banana,Apple and Carrot Stage 2 Baby Food,0.0714231585329,0.0642618975447,0.0205175810852,0.287267904509,4.4702680046,0.0159277933892,1.312888964
142,Baby Food Stage 2 Pumpkin Banana,Baby Food Stage 2 Blueberry Pear & Purple Carrot,0.0714231585329,0.126837678084,0.0278872385571,0.390450928382,3.07835127763,0.0188280909674,1.43247256467
143,Baby Food Stage 2 Blueberry Pear & Purple Carrot,Baby Food Stage 2 Pumpkin Banana,0.126837678084,0.0714231585329,0.0278872385571,0.219865571322,3.07835127763,0.0188280909674,1.19027799227
144,Stage 1 Apples & Strawberries Organic Pureed Baby Food,Organic 4 Months Butternut Squash Carrots Apples + Prunes Baby Food,0.0453925431949,0.0529705971507,0.0100219763565,0.220784641068,4.16806026257,0.00761750623725,1.21536285443
145,Organic 4 Months Butternut Squash Carrots Apples + Prunes Baby Food,Stage 1 Apples & Strawberries Organic Pureed Baby Food,0.0529705971507,0.0453925431949,0.0100219763565,0.189198855508,4.16806026257,0.00761750623725,1.17736323301
146,Spinach Peas & Pear Stage 2 Baby Food,Broccoli & Apple Stage 2 Baby Food,0.117706123068,0.0955782055168,0.0404289178539,0.343473362305,3.59363685944,0.0291787778328,1.3775858321
147,Broccoli & Apple Stage 2 Baby Food,Spinach Peas & Pear Stage 2 Baby Food,0.0955782055168,0.117706123068,0.0404289178539,0.422993062438,3.59363685944,0.0291787778328,1.52908712096
148,"Baby Food Pouch - Butternut Squash, Carrot & Chickpea",Baby Food Pouch - Roasted Carrot Spinach & Beans,0.0212564413459,0.0245718399515,0.0103440436496,0.486631016043,19.8044190831,0.0098217337749,1.90005277009
149,Baby Food Pouch - Roasted Carrot Spinach & Beans,"Baby Food Pouch - Butternut Squash, Carrot & Chickpea",0.0245718399515,0.0212564413459,0.0103440436496,0.420971472629,19.8044190831,0.0098217337749,1.69032010063
150,Spinach Peas & Pear Stage 2 Baby Food,Baby Food Stage 2 Blueberry Pear & Purple Carrot,0.117706123068,0.126837678084,0.0442937253713,0.376307741832,2.96684508511,0.0293641540251,1.39998903382
151,Baby Food Stage 2 Blueberry Pear & Purple Carrot,Spinach Peas & Pear Stage 2 Baby Food,0.126837678084,0.117706123068,0.0442937253713,0.349215832711,2.96684508511,0.0293641540251,1.35573961581
152,"Happy Baby Spinach, Mango, and Pear Baby Food",Spinach Peas & Pear Stage 2 Baby Food,0.0581236738406,0.117706123068,0.0107987268869,0.185788787484,1.57841225793,0.00395721458072,1.08361794012
153,Spinach Peas & Pear Stage 2 Baby Food,"Happy Baby Spinach, Mango, and Pear Baby Food",0.117706123068,0.0581236738406,0.0107987268869,0.0917431192661,1.57841225793,0.00395721458072,1.037015349
154,"Organic Apples, Carrots and Parsnips Puree",Stage 1 Apples & Strawberries Organic Pureed Baby Food,0.0417361321613,0.0453925431949,0.0112155198545,0.268724466636,5.92001345865,0.00932101067258,1.30540051356
155,Stage 1 Apples & Strawberries Organic Pureed Baby Food,"Organic Apples, Carrots and Parsnips Puree",0.0453925431949,0.0417361321613,0.0112155198545,0.247078464107,5.92001345865,0.00932101067258,1.27272739875
156,Baby Food Stage 2 Pumpkin Banana,"Peach,  Apricot & Banana Stage 2 Baby Food",0.0714231585329,0.0766520157624,0.0226204910579,0.316710875332,4.13180099938,0.0171457619842,1.35132837755
157,"Peach,  Apricot & Banana Stage 2 Baby Food",Baby Food Stage 2 Pumpkin Banana,0.0766520157624,0.0714231585329,0.0226204910579,0.295106277805,4.13180099938,0.0171457619842,1.31732885714
158,Organic Strawberry Banana Fruit Yogurt Smoothie,Organic Fruit Yogurt Smoothie Mixed Berry,0.0382502273416,0.0220710821461,0.0124280084874,0.324913323427,14.7212230591,0.0115837845777,1.44859756797
159,Organic Fruit Yogurt Smoothie Mixed Berry,Organic Strawberry Banana Fruit Yogurt Smoothie,0.0220710821461,0.0382502273416,0.0124280084874,0.563090128755,14.7212230591,0.0115837845777,2.20125439125
160,"Organic Pears, Peas and Broccoli Puree Stage 1",Organic Stage 2 Peaches & Bananas Baby Food,0.0714231585329,0.0473628372234,0.014720369809,0.206100795756,4.35152976127,0.0113375663775,1.19994724479
161,Organic Stage 2 Peaches & Bananas Baby Food,"Organic Pears, Peas and Broccoli Puree Stage 1",0.0473628372234,0.0714231585329,0.014720369809,0.3108,4.35152976127,0.0113375663775,1.34732565506
162,Organic 4 Months Butternut Squash Carrots Apples + Prunes Baby Food,Stage 1 Apples Sweet Potatoes Pumpkin & Blueberries Organic Pureed Baby Food,0.0529705971507,0.0843247953925,0.0284745377387,0.537553648069,6.37479931693,0.0240078029722,1.98006795985
163,Stage 1 Apples Sweet Potatoes Pumpkin & Blueberries Organic Pureed Baby Food,Organic 4 Months Butternut Squash Carrots Apples + Prunes Baby Food,0.0843247953925,0.0529705971507,0.0284745377387,0.337676926533,6.37479931693,0.0240078029722,1.42986020084
164,"Organic Pears, Peas and Broccoli Puree Stage 1",Stage 1 Apples Sweet Potatoes Pumpkin & Blueberries Organic Pureed Baby Food,0.0714231585329,0.0843247953925,0.0333055471355,0.466312997347,5.52996298629,0.0272828039059,1.71575324124
165,Stage 1 Apples Sweet Potatoes Pumpkin & Blueberries Organic Pureed Baby Food,"Organic Pears, Peas and Broccoli Puree Stage 1",0.0843247953925,0.0714231585329,0.0333055471355,0.394967423051,5.52996298629,0.0272828039059,1.53475511377
166,Organic Strawberry Banana Fruit Yogurt Smoothie,Apple Blueberry Fruit Yogurt Smoothie,0.0382502273416,0.0194755986663,0.0106661109427,0.278850916295,14.3179637799,0.00992116486611,1.35966948234
167,Apple Blueberry Fruit Yogurt Smoothie,Organic Strawberry Banana Fruit Yogurt Smoothie,0.0194755986663,0.0382502273416,0.0106661109427,0.54766536965,14.3179637799,0.00992116486611,2.12619089525
168,Broccoli & Apple Stage 2 Baby Food,Pear & Mango Stage 2 Baby Food,0.0955782055168,0.0596582297666,0.0130721430737,0.136769078295,2.29254335622,0.00737011652826,1.08932818159
169,Pear & Mango Stage 2 Baby Food,Broccoli & Apple Stage 2 Baby Food,0.0596582297666,0.0955782055168,0.0130721430737,0.219117180057,2.29254335622,0.00737011652826,1.1582042419
170,"Sweeet Potato, Apple, Carrot & Cinnamon Organic Superfoods",Organic Stage 4 Green Bean Pear & Pea Baby Food,0.0543535919976,0.0580857835708,0.0162170354653,0.298361798536,5.13657181146,0.0130598644842,1.34245001835
171,Organic Stage 4 Green Bean Pear & Pea Baby Food,"Sweeet Potato, Apple, Carrot & Cinnamon Organic Superfoods",0.0580857835708,0.0543535919976,0.0162170354653,0.279191128506,5.13657181146,0.0130598644842,1.31192393074
172,Apple and Carrot Stage 2 Baby Food,Broccoli & Apple Stage 2 Baby Food,0.0642618975447,0.0955782055168,0.0219763564717,0.341981132075,3.57802419732,0.0158343196212,1.3744617952
173,Broccoli & Apple Stage 2 Baby Food,Apple and Carrot Stage 2 Baby Food,0.0955782055168,0.0642618975447,0.0219763564717,0.229930624381,3.57802419732,0.0158343196212,1.21513480744
174,Baby Food Stage 2 Blueberry Pear & Purple Carrot,Broccoli & Apple Stage 2 Baby Food,0.126837678084,0.0955782055168,0.0354084571082,0.279163554892,2.92078673566,0.023285539445,1.2546837783
175,Broccoli & Apple Stage 2 Baby Food,Baby Food Stage 2 Blueberry Pear & Purple Carrot,0.0955782055168,0.126837678084,0.0354084571082,0.37046580773,2.92078673566,0.023285539445,1.38699745405
176,"Happy Baby Spinach, Mango, and Pear Baby Food",Organic Stage 2 Broccoli Pears & Peas Baby Food,0.0581236738406,0.0414140648681,0.0124090633525,0.213494132986,5.15511176373,0.0100019257537,1.21879057148
177,Organic Stage 2 Broccoli Pears & Peas Baby Food,"Happy Baby Spinach, Mango, and Pear Baby Food",0.0414140648681,0.0581236738406,0.0124090633525,0.299634034767,5.15511176373,0.0100019257537,1.34483451926
178,"Baby Food Stage 2 Pumpkin Banana, Peach,  Apricot & Banana Stage 2 Baby Food",Baby Food Stage 2 Blueberry Pear & Purple Carrot,0.0226204910579,0.126837678084,0.0110639587754,0.489112227806,3.85620609895,0.00819482821248,1.70910788913
179,"Baby Food Stage 2 Pumpkin Banana, Baby Food Stage 2 Blueberry Pear & Purple Carrot","Peach,  Apricot & Banana Stage 2 Baby Food",0.0278872385571,0.0766520157624,0.0110639587754,0.396739130435,5.17584732103,0.00892634572594,1.53059485675
180,"Peach,  Apricot & Banana Stage 2 Baby Food, Baby Food Stage 2 Blueberry Pear & Purple Carrot",Baby Food Stage 2 Pumpkin Banana,0.0300848742043,0.0714231585329,0.0110639587754,0.367758186398,5.14900480393,0.00891520203565,1.46870520344
181,Baby Food Stage 2 Pumpkin Banana,"Peach,  Apricot & Banana Stage 2 Baby Food, Baby Food Stage 2 Blueberry Pear & Purple Carrot",0.0714231585329,0.0300848742043,0.0110639587754,0.154907161804,5.14900480393,0.00891520203565,1.14770245582
182,"Peach,  Apricot & Banana Stage 2 Baby Food","Baby Food Stage 2 Pumpkin Banana, Baby Food Stage 2 Blueberry Pear & Purple Carrot",0.0766520157624,0.0278872385571,0.0110639587754,0.144340088977,5.17584732103,0.00892634572594,1.13609712097
183,Baby Food Stage 2 Blueberry Pear & Purple Carrot,"Baby Food Stage 2 Pumpkin Banana, Peach,  Apricot & Banana Stage 2 Baby Food",0.126837678084,0.0226204910579,0.0110639587754,0.0872292755788,3.85620609895,0.00819482821248,1.07078314717
184,"Organic Apples, Carrots and Parsnips Puree, Organic 4 Months Butternut Squash Carrots Apples + Prunes Baby Food",Stage 1 Apples Sweet Potatoes Pumpkin & Blueberries Organic Pureed Baby Food,0.0160844195211,0.0843247953925,0.0116702030918,0.725559481743,8.60434322272,0.0103138877067,3.33651608889
185,"Organic Apples, Carrots and Parsnips Puree, Stage 1 Apples Sweet Potatoes Pumpkin & Blueberries Organic Pureed Baby Food",Organic 4 Months Butternut Squash Carrots Apples + Prunes Baby Food,0.0247423461655,0.0529705971507,0.0116702030918,0.471669218989,8.90435910412,0.0103595862406,1.79249333351
186,"Organic 4 Months Butternut Squash Carrots Apples + Prunes Baby Food, Stage 1 Apples Sweet Potatoes Pumpkin & Blueberries Organic Pureed Baby Food","Organic Apples, Carrots and Parsnips Puree",0.0284745377387,0.0417361321613,0.0116702030918,0.409846972721,9.81995579125,0.0104817860216,1.62375489669
187,"Organic Apples, Carrots and Parsnips Puree","Organic 4 Months Butternut Squash Carrots Apples + Prunes Baby Food, Stage 1 Apples Sweet Potatoes Pumpkin & Blueberries Organic Pureed Baby Food",0.0417361321613,0.0284745377387,0.0116702030918,0.27961870177,9.81995579125,0.0104817860216,1.34862671289
188,Organic 4 Months Butternut Squash Carrots Apples + Prunes Baby Food,"Organic Apples, Carrots and Parsnips Puree, Stage 1 Apples Sweet Potatoes Pumpkin & Blueberries Organic Pureed Baby Food",0.0529705971507,0.0247423461655,0.0116702030918,0.220314735336,8.90435910412,0.0103595862406,1.25083504593
189,Stage 1 Apples Sweet Potatoes Pumpkin & Blueberries Organic Pureed Baby Food,"Organic Apples, Carrots and Parsnips Puree, Organic 4 Months Butternut Squash Carrots Apples + Prunes Baby Food",0.0843247953925,0.0160844195211,0.0116702030918,0.138395866098,8.60434322272,0.0103138877067,1.14195782235
190,Stage 2 Sweet Potato Corn & Apple Baby Food,Broccoli & Apple Stage 2 Baby Food,0.0474765080327,0.0955782055168,0.0139815095483,0.294493216281,3.08117540697,0.00944379010637,1.28194627657
191,Broccoli & Apple Stage 2 Baby Food,Stage 2 Sweet Potato Corn & Apple Baby Food,0.0955782055168,0.0474765080327,0.0139815095483,0.146283448959,3.08117540697,0.00944379010637,1.11573740817
192,"Spinach Peas & Pear Stage 2 Baby Food, Peach,  Apricot & Banana Stage 2 Baby Food",Baby Food Stage 2 Blueberry Pear & Purple Carrot,0.0210290997272,0.126837678084,0.0107418914823,0.510810810811,4.02727973679,0.00807460930067,1.78491745364
193,"Spinach Peas & Pear Stage 2 Baby Food, Baby Food Stage 2 Blueberry Pear & Purple Carrot","Peach,  Apricot & Banana Stage 2 Baby Food",0.0442937253713,0.0766520157624,0.0107418914823,0.24251497006,3.16384334643,0.00734668814693,1.21896532306
194,"Peach,  Apricot & Banana Stage 2 Baby Food, Baby Food Stage 2 Blueberry Pear & Purple Carrot",Spinach Peas & Pear Stage 2 Baby Food,0.0300848742043,0.117706123068,0.0107418914823,0.357052896725,3.0334267022,0.0072007175767,1.37226510927
195,Spinach Peas & Pear Stage 2 Baby Food,"Peach,  Apricot & Banana Stage 2 Baby Food, Baby Food Stage 2 Blueberry Pear & Purple Carrot",0.117706123068,0.0300848742043,0.0107418914823,0.0912602607436,3.0334267022,0.0072007175767,1.06731892961
196,"Peach,  Apricot & Banana Stage 2 Baby Food","Spinach Peas & Pear Stage 2 Baby Food, Baby Food Stage 2 Blueberry Pear & Purple Carrot",0.0766520157624,0.0442937253713,0.0107418914823,0.140138408304,3.16384334643,0.00734668814693,1.11146524494
197,Baby Food Stage 2 Blueberry Pear & Purple Carrot,"Spinach Peas & Pear Stage 2 Baby Food, Peach,  Apricot & Banana Stage 2 Baby Food",0.126837678084,0.0210290997272,0.0107418914823,0.0846900672143,4.02727973679,0.00807460930067,1.06955126915
198,"Mighty 4 Sweet Potato, Blueberry, Millet & Greek Yogurt Tots Snack",Mighty 4 Purple Carrot Blackberry Quinoa & Greek Yogurt Tots Snack,0.0391217035465,0.0297059715065,0.0163117611397,0.416949152542,14.0358699412,0.0151496129289,1.66416708375
199,Mighty 4 Purple Carrot Blackberry Quinoa & Greek Yogurt Tots Snack,"Mighty 4 Sweet Potato, Blueberry, Millet & Greek Yogurt Tots Snack",0.0297059715065,0.0391217035465,0.0163117611397,0.549107142857,14.0358699412,0.0151496129289,2.1310568159
200,"Organic Pears, Peas and Broccoli Puree Stage 1, Organic 4 Months Butternut Squash Carrots Apples + Prunes Baby Food",Stage 1 Apples Sweet Potatoes Pumpkin & Blueberries Organic Pureed Baby Food,0.0229615034859,0.0843247953925,0.0148529857533,0.646864686469,7.67110887678,0.0129167616699,2.59298679436
201,"Organic Pears, Peas and Broccoli Puree Stage 1, Stage 1 Apples Sweet Potatoes Pumpkin & Blueberries Organic Pureed Baby Food",Organic 4 Months Butternut Squash Carrots Apples + Prunes Baby Food,0.0333055471355,0.0529705971507,0.0148529857533,0.445961319681,8.41903515668,0.0130887710331,1.70932001048
202,"Organic 4 Months Butternut Squash Carrots Apples + Prunes Baby Food, Stage 1 Apples Sweet Potatoes Pumpkin & Blueberries Organic Pureed Baby Food","Organic Pears, Peas and Broccoli Puree Stage 1",0.0284745377387,0.0714231585329,0.0148529857533,0.521623419827,7.30328132418,0.0128192443302,1.94110012896
203,"Organic Pears, Peas and Broccoli Puree Stage 1","Organic 4 Months Butternut Squash Carrots Apples + Prunes Baby Food, Stage 1 Apples Sweet Potatoes Pumpkin & Blueberries Organic Pureed Baby Food",0.0714231585329,0.0284745377387,0.0148529857533,0.207957559682,7.30328132418,0.0128192443302,1.22660783413
204,Organic 4 Months Butternut Squash Carrots Apples + Prunes Baby Food,"Organic Pears, Peas and Broccoli Puree Stage 1, Stage 1 Apples Sweet Potatoes Pumpkin & Blueberries Organic Pureed Baby Food",0.0529705971507,0.0333055471355,0.0148529857533,0.280400572246,8.41903515668,0.0130887710331,1.34337857366
205,Stage 1 Apples Sweet Potatoes Pumpkin & Blueberries Organic Pureed Baby Food,"Organic Pears, Peas and Broccoli Puree Stage 1, Organic 4 Months Butternut Squash Carrots Apples + Prunes Baby Food",0.0843247953925,0.0229615034859,0.0148529857533,0.176140193215,7.67110887678,0.0129167616699,1.18592810144
206,Baby Food Stage 2 Pumpkin Banana,Broccoli & Apple Stage 2 Baby Food,0.0714231585329,0.0955782055168,0.0198734464989,0.27824933687,2.91122160502,0.013046949174,1.25309451128
207,Broccoli & Apple Stage 2 Baby Food,Baby Food Stage 2 Pumpkin Banana,0.0955782055168,0.0714231585329,0.0198734464989,0.20792864222,2.91122160502,0.013046949174,1.17233988118
208,Stage 2 Sweet Potato Corn & Apple Baby Food,Baby Food Stage 2 Blueberry Pear & Purple Carrot,0.0474765080327,0.126837678084,0.0185851773265,0.391460494812,3.08631079286,0.012563367284,1.43484903523
209,Baby Food Stage 2 Blueberry Pear & Purple Carrot,Stage 2 Sweet Potato Corn & Apple Baby Food,0.126837678084,0.0474765080327,0.0185851773265,0.146527259149,3.08631079286,0.012563367284,1.11605613908
210,Baby Food Stage 2 Blueberry Pear & Purple Carrot,Pear & Mango Stage 2 Baby Food,0.126837678084,0.0596582297666,0.0218437405274,0.172218073189,2.88674460947,0.0142768291852,1.13597765278
211,Pear & Mango Stage 2 Baby Food,Baby Food Stage 2 Blueberry Pear & Purple Carrot,0.0596582297666,0.126837678084,0.0218437405274,0.366147983487,2.88674460947,0.0142768291852,1.3775491742
212,Pear Kiwi & Kale Baby Food,Organic Fiber & Protein Pear Blueberry & Spinach Baby Food,0.0286639890876,0.0446536829342,0.0150045468324,0.523463317911,11.7227355845,0.013724594152,2.00476973332
213,Organic Fiber & Protein Pear Blueberry & Spinach Baby Food,Pear Kiwi & Kale Baby Food,0.0446536829342,0.0286639890876,0.0150045468324,0.336020364871,11.7227355845,0.013724594152,1.46290030525
214,Apple and Carrot Stage 2 Baby Food,Pear & Mango Stage 2 Baby Food,0.0642618975447,0.0596582297666,0.0179410427402,0.279186320755,4.67976206882,0.0141072916913,1.30455594463
215,Pear & Mango Stage 2 Baby Food,Apple and Carrot Stage 2 Baby Food,0.0596582297666,0.0642618975447,0.0179410427402,0.3007303906,4.67976206882,0.0141072916913,1.3381649794
216,Sweet Potatoes Stage 2,Organic Stage 2 Carrots Baby Food,0.0316004849955,0.0356736889967,0.014890876023,0.471223021583,13.2092596767,0.0137635701492,1.82369193509
217,Organic Stage 2 Carrots Baby Food,Sweet Potatoes Stage 2,0.0356736889967,0.0316004849955,0.014890876023,0.417419012215,13.2092596767,0.0137635701492,1.66225732612
218,"Apples, Guavas & Beets Organic Baby Food","Pears, Kale & Spinach Organic Baby Food",0.0274893907245,0.035616853592,0.0100788117611,0.366643694004,10.2941067789,0.00909972615637,1.52265500048
219,"Pears, Kale & Spinach Organic Baby Food","Apples, Guavas & Beets Organic Baby Food",0.035616853592,0.0274893907245,0.0100788117611,0.282978723404,10.2941067789,0.00909972615637,1.3563204343
220,"Organic Apples, Carrots and Parsnips Puree",Stage 1 Apples Sweet Potatoes Pumpkin & Blueberries Organic Pureed Baby Food,0.0417361321613,0.0843247953925,0.0247423461655,0.59282796187,7.03029232518,0.0212229553605,2.24886563629
221,Stage 1 Apples Sweet Potatoes Pumpkin & Blueberries Organic Pureed Baby Food,"Organic Apples, Carrots and Parsnips Puree",0.0843247953925,0.0417361321613,0.0247423461655,0.293417209616,7.03029232518,0.0212229553605,1.35619474587
222,"Peach,  Apricot & Banana Stage 2 Baby Food",Broccoli & Apple Stage 2 Baby Food,0.0766520157624,0.0955782055168,0.0160465292513,0.209342560554,2.19027506764,0.00872026713548,1.1438857707
223,Broccoli & Apple Stage 2 Baby Food,"Peach,  Apricot & Banana Stage 2 Baby Food",0.0955782055168,0.0766520157624,0.0160465292513,0.167888999009,2.19027506764,0.00872026713548,1.10964520736
